customer_unique_id,frequency,monetary_value,recency,T,probability_alive,predicted_purchases_180_days,expected_avg_order_value,predicted_LTV_180_days
004288347e5e88a27ded2bb23747066c,1.0,177.185,24.428571428571427,57.285714285714285,0.02469992379048745,0.018373906639496822,206.62545958198976,3.796516903702604
00a39521eb40f7012db50455bf083460,1.0,61.625,1.5714285714285714,14.428571428571429,0.029422689272975137,0.04086317599186378,74.77908290076063,3.055710825083953
011575986092c30523ecb71ff10cb473,1.0,107.45,8.571428571428571,28.0,0.0262784183115599,0.02855104096384361,127.06240075656994,3.6277638089651414
011b4adcd54683b480c4d841250a987f,1.0,118.15,25.285714285714285,53.57142857142857,0.02977366203436056,0.02306491174208694,139.2703985974245,3.212259451934865
012452d40dafae4df401bced74cdb490,1.0,247.665,47.142857142857146,62.857142857142854,0.06279938203252482,0.044090580185854496,287.03851451875875,12.655694640817892
012a218df8995d3ec3bb221828360c86,1.0,755.19,6.0,16.714285714285715,0.04214945290500615,0.05589283612761669,866.0912345355537,48.408295443460936
013ef03e0f3f408dd9bf555e4edcdc0a,1.0,122.685,4.142857142857143,10.285714285714286,0.05814756264044077,0.08840469748173839,144.44453600006705,12.769575507975997
013f4353d26bb05dc6652f1269458d8d,1.0,178.195,0.5714285714285714,40.142857142857146,0.0053219632386992555,0.004851229640560344,207.7778033034162,1.0079778380360496
015557c9912277312b9073947804a7ba,1.0,157.56,5.571428571428571,75.28571428571429,0.002834851297654854,0.0017690390752465627,184.23462242060933,0.32591824607535436
0178b244a5c281fb2ade54038dd4b161,1.0,129.945,63.42857142857143,68.42857142857143,0.09301458052244883,0.06183467350308549,152.72771958180573,9.443868675211753
01886ef98f995e4f2dd75a1d04c97397,1.0,37.655,14.571428571428571,39.714285714285715,0.0247477731162013,0.022687180299086656,47.43088586849113,1.0760730594438597
01c289bb06354cdc7e6549570f20ada4,1.0,121.25,29.428571428571427,65.0,0.025639090555863043,0.01762043340085468,142.80729516813935,2.516326433666396
01f2285f85a1c603eb7ef755ad311769,1.0,231.52,56.714285714285715,70.0,0.07174084938731003,0.046988642055965896,268.6181289916002,12.622001112929578
02168ea18740a0fdaaa15f11bebba5db,1.0,132.02,7.142857142857143,53.857142857142854,0.006846871355865241,0.005287256444781782,155.0951584154294,0.8200278758864307
0241fa2e9adf0576cb0f845377d05c03,1.0,99.515,4.857142857142857,10.428571428571429,0.06228444466156554,0.0943841605827586,118.00908646991752,11.13818856760134
029b457bd01199c39136f89e0eddcd3a,1.0,173.775,33.57142857142857,67.85714285714286,0.029265431885328964,0.01956174762110527,202.73487335420342,3.9658484265516667
02e4c56fefa30628768ffe326d332e2f,1.0,48.315,41.142857142857146,74.42857142857143,0.034580850814601445,0.021746112093966593,59.59324633423968,1.2959214148277398
02e9109b7e0a985108b43e573b6afb23,2.0,200.91,24.571428571428573,40.285714285714285,0.2901214788180965,0.37769629508062,216.22299979764966,81.66662593478993
02e9827c15167f699df7bf90d326ffdb,1.0,34.43,4.857142857142857,25.857142857142858,0.019953586964547985,0.02244429158440303,43.751372500570014,0.9819685616206257
031ea691b99fc101dcad357d1a83573f,1.0,36.52,7.857142857142857,67.57142857142857,0.00460817800491438,0.0030886790473290395,46.135925349858425,0.1424990659572444
032b3a42598667caf2e099999b9dc1b9,1.0,247.98,0.14285714285714285,5.714285714285714,0.0547354782816792,0.09308993463961682,287.3979088477185,26.753852550196665
0333b2fc6ba7014702e08ef613850270,1.0,46.5,10.571428571428571,53.285714285714285,0.009892192765509192,0.007687727749313462,57.52245043880501,0.4422169384469096
0341bbd5c969923a0f801b9e2d10a7b8,1.0,999.84,0.2857142857142857,13.714285714285714,0.026042198975897452,0.03671323159622208,1145.2208300276159,42.04475756162154
0361e980b28826f4d286ac144d9b319a,1.0,228.46,0.14285714285714285,9.0,0.0390266553954112,0.06114641654116624,265.1268697959913,16.21155801680123
038301b43811478e1a8dc0e476eaf52e,1.0,322.765,21.428571428571427,41.714285714285715,0.03748448604138275,0.0334748179777044,372.7226862802706,12.47682407939308
03d4953a455f8489e712ea80699de878,1.0,36.325,44.285714285714285,50.285714285714285,0.08583825672279191,0.06902724269228096,45.91344314621669,3.1692783828921436
03dabd77cb0ed7a26fafe19e36b67742,1.0,49.725,4.857142857142857,72.57142857142857,0.0028236783527523417,0.0018058693291737916,61.20196380672613,0.11052274932377118
03ef7f03905227e15c7b6c860554b3cb,1.0,119.275,11.142857142857142,17.571428571428573,0.06541304564543274,0.08530101423675313,140.5539497722807,11.9893944705572
041caba6a63ace5818387698ea85cdb2,2.0,51.153333333333336,62.142857142857146,76.42857142857143,0.41724123768169924,0.3635798955878542,56.608084865211225,20.581561584721886
043aee247e71edff7045664609f4d806,1.0,202.705,16.714285714285715,75.42857142857143,0.00808406196353344,0.005038286320678654,235.7421048996167,1.187736222323731
0451ef5a31cea3e14ce02d768d7c9943,1.0,193.695,9.285714285714286,72.14285714285714,0.004633636375665663,0.002975099659367193,225.46228615699056,0.6707727707458112
0488328f0b499963e32a37fa42a20ca0,1.0,192.085,0.8571428571428571,52.142857142857146,0.003337975028065268,0.002627714132393207,223.62538180897414,0.5876235761412681
048dbdf8f9bbd1be87b25868d1408311,1.0,89.475,2.857142857142857,45.57142857142857,0.005735705435459226,0.0048792283083881225,106.55410531831194,0.5199018070440771
04be500031efe43d2defff8c41810543,1.0,127.895,3.5714285714285716,33.857142857142854,0.010890572353434163,0.01082762447033139,150.38880410762332,1.628353495419576
04d3c2795b83634312bf3f86f41f7901,1.0,298.195,8.571428571428571,64.14285714285714,0.005542799051968941,0.0038417523900022045,344.6899286214111,1.3242133570909955
04e495a3f45df8b41be2e934bbc16961,1.0,99.88,37.0,68.57142857142857,0.03392866728044163,0.02252459472692993,118.42552751775976,2.667487012660427
0509ab034845adb0b4c91b6f0e7b7260,1.0,169.73,0.2857142857142857,17.428571428571427,0.019382714751319433,0.025345888981570683,198.11979379660931,5.0215222986205355
053b7090271ed4dacbfe0afd6382bbab,1.0,57.745,8.428571428571429,56.714285714285715,0.007056138231223008,0.005281233299975024,70.35225751547878,0.37154668511916467
05669445931c028d97b7c0637b5a2359,1.0,105.39,6.0,53.0,0.006232790083773332,0.004859352262523891,124.71207593861102,0.6060199083763407
059d1f5650f05d9fed9a6d941593f9b4,1.0,65.97,10.571428571428571,34.42857142857143,0.02252682391637344,0.022213101162975302,79.73644277164969,1.7711936696624455
05e52c1f96f8b83dd66dcdce679ff58d,1.0,119.58,10.285714285714286,68.0,0.005802809532581044,0.0038734403175961453,140.90193475746392,0.5457752349168624
05edb10f73fe7d03959ff26540913b3a,1.0,115.745,21.142857142857142,55.57142857142857,0.021186468074822475,0.016054712087435495,136.52645141917634,2.1918928698541253
05ef855308303397f1427f29470bb6ab,1.0,43.75,6.571428571428571,30.285714285714285,0.018736837553864103,0.019644650145162913,54.38488090026762,1.0683719584721099
0621c2a5979d3e887ae519620cbe2926,1.0,257.245,8.857142857142858,64.14285714285714,0.005706248403501582,0.003955040266940798,297.9686658566454,1.1784780717496603
065938485846aa5adc196cb536de42e0,1.0,221.095,37.42857142857143,64.57142857142857,0.0391923218264221,0.027049179140059294,256.7238881045994,6.944170438873845
065dcef61d5f66b30d2ee51b5343d023,1.0,94.26,33.0,72.28571428571429,0.02487639102293557,0.01595132231692354,112.013476315367,1.7867630645455
0697142614905a50813d854fa08b8eaf,1.0,51.565,5.857142857142857,11.571428571428571,0.06284231963129668,0.09280367437812649,63.301283061602035,5.874591660966529
06d26e5230ac619719997a8cf435a69b,1.0,34.405,0.14285714285714285,21.428571428571427,0.014245570300656304,0.017290005386728553,43.72284914112876,0.7559682971732362
070acf4df1234a6257809e4e79644481,1.0,505.51,37.857142857142854,44.285714285714285,0.0822781445906258,0.07111562698303472,581.2227391239121,41.33401950959384
071bb277b0146da77fac31e70657815e,1.0,65.32,40.142857142857146,60.0,0.05144614203999532,0.037190893383534554,78.9948354261772,2.9378885021848147
071fb07419a29c8ba143831082e0320a,1.0,237.555,42.857142857142854,76.28571428571429,0.03538026062377135,0.021882940615945947,275.5036679607177,6.028830405459675
07342638d0e0aad32c3cf0efc1a37ba5,1.0,309.69,5.714285714285714,54.142857142857146,0.005778282259837536,0.004447952484750457,357.8049692924974,1.5914995022206246
0751ebe1c05ef7a632934adae06c6d4a,1.0,94.395,7.285714285714286,65.14285714285714,0.004687539365927814,0.0032169745381009315,112.16750245634974,0.3608399994044508
078f7e669cebf2fb640d0ad0dabb3068,1.0,35.785,11.0,27.428571428571427,0.034243699263376,0.03754617321824053,45.297338582285704,1.700741720735789
07b1b60bca2b6326fa2adb259ea4a55f,2.0,83.84666666666668,6.285714285714286,22.714285714285715,0.1604984483189243,0.2761278088158199,91.45356944369091,25.25287373887179
07bd3d18ecba2420a8934b34a26f157a,1.0,101.405,0.2857142857142857,19.571428571428573,0.01656221674149237,0.020794025972915117,120.16545244367595,2.498723539160894
07f765655f560c8624267665ce23675a,1.0,265.385,27.428571428571427,47.0,0.04350508614392009,0.03637068053226323,307.255871690716,11.175105150925093
07ff81a9676efa0286ddd3f09e7c0063,1.0,242.16,16.428571428571427,28.142857142857142,0.05148633991179374,0.055812332837513676,280.7576707697957,15.669740567688923
0802a1a217680f13264a70ddb7220823,1.0,96.35,1.4285714285714286,81.57142857142857,0.0014007425508962483,0.000827653618790345,114.3980291646554,0.09468194282061047
0807baeeeaa1309effbd9a9dee41ab17,1.0,192.22,5.857142857142857,22.428571428571427,0.0277802526013053,0.033124718434296464,223.77940794995686,7.412629879735885
083ca1aa470c280236380973a48f77c6,2.0,71.65666666666667,2.7142857142857144,57.142857142857146,0.01062943697039664,0.011240783716615278,78.46112071780385,0.8819644881520752
083ce299ea3fc1eba79bd0b17f64555b,1.0,56.975,30.428571428571427,31.714285714285715,0.10094608638519786,0.10357504142020901,69.47373804468832,7.195745295595343
084be429c23e342acf5084ac6156d22e,1.0,88.91499999999999,12.714285714285714,18.571428571428573,0.06968121920762024,0.0891425462535908,105.91518206682797,9.441549016349704
0895c61a77b305efdfad13596c749c60,1.0,461.7,18.714285714285715,39.142857142857146,0.03488119222282014,0.03222141019628293,531.2384040390675,17.11725052856148
089bc915af34d9041b3a88a1aa84292b,1.0,61.735,8.571428571428571,41.42857142857143,0.013261279034311374,0.011886624358824672,74.90458568230211,0.890362672758922
08b57f87bc889756ca453bf8106d48ce,1.0,59.13,7.0,17.0,0.04590485014740559,0.06053171922532771,71.93245162852398,4.354194965167281
08c07c761592a71b85136aa4fe76a6f4,2.0,135.01,34.0,55.142857142857146,0.270053202481761,0.29207137317500825,145.9849053730429,42.63801177512828
08d8ad84b0088cbeae77da4ff3817479,1.0,129.905,4.428571428571429,19.714285714285715,0.028338849605676026,0.03548556381766718,152.68208220669973,5.4180097719601505
08e5b38d7948d37fbb2a59fc5e175ab1,3.0,264.0825,9.714285714285714,26.0,0.2194871497776544,0.46407841963830976,276.78480706103215,128.44985584077827
0942eedfe0e865b2a80419a14672286f,1.0,122.115,49.57142857142857,81.42857142857143,0.04049578254215481,0.02395657491749697,143.79420340480658,3.4448166065690464
0981a271500799427cdf345e9121e20b,1.0,81.14,2.0,73.71428571428571,0.0018950881486958279,0.0011994380853915406,97.04441728059955,0.11639877006098005
09831ff6ab667f42521bcd4c22dc755c,1.0,158.915,1.1428571428571428,24.0,0.013898199636010163,0.016127479223258585,185.780588502325,2.9961725811559994
0994750c9c22a140010ed86aad2d044b,1.0,87.70500000000001,3.142857142857143,29.857142857142858,0.012801380257569337,0.013510206350955262,104.53465146987153,1.4122847121831532
099fad9e8f7dfbd0412c300bcc697e0b,1.0,215.395,43.857142857142854,59.285714285714285,0.061749452424088094,0.04497287478265524,250.22056215199464,11.253138009707259
09baec50afccbb414f24bf8e0bc7c020,1.0,357.415,23.428571428571427,38.857142857142854,0.04845815381190433,0.04493496884458198,412.25606246584164,18.524713322892637
09bc7afc3e8d8dccaffd0b16944a91fe,1.0,304.935,25.0,81.57142857142857,0.012137184280090878,0.007171470935123007,352.3798263267718,2.527081682626137
09d74edf20acb4f9523fb1cf19a18456,1.0,156.245,15.571428571428571,41.285714285714285,0.024976119068593903,0.022428676289056974,182.73429371399965,4.098488320620757
0a609db8d244100909a15d65eadf8539,2.0,167.0533333333333,10.285714285714286,55.714285714285715,0.03572144778381344,0.03838477733663749,180.13760146326769,6.914541722123474
0a61b571f594b6919601bcf3380da7f7,2.0,172.67333333333332,22.0,55.142857142857146,0.12211763524877031,0.13207421755497248,186.12755731556345,24.582651497871336
0aa1ab39ff2b837c05d7c9ff85b6d983,1.0,105.6,9.285714285714286,34.142857142857146,0.020209843513370195,0.02001036134894921,124.95167215791751,2.500328111035366
0aadc1d26d1c8b88a52c39a533ccea93,1.0,609.3499999999999,33.0,72.57142857142857,0.024668983846558537,0.01577692489902764,699.6973648990837,11.039072778060383
0abee71cd257861a0944e2a81cea4a50,1.0,211.93,37.0,76.85714285714286,0.026666109249335455,0.016410158928234504,246.26722453343754,4.041284293408921
0ac4a9460c1baf3051ffec5c9021a499,1.0,107.47,3.142857142857143,16.571428571428573,0.030498220090716375,0.04055685692463577,127.08521944412294,5.154177062231234
0ad1d79346c3b98b517348ecbbadfbc6,1.0,78.765,7.285714285714286,17.571428571428573,0.04533454869472177,0.05911791670099746,94.3346981336809,5.576870826280688
0ad7cb4f48f2a2cf5080e3c19c7cf98c,1.0,64.11,28.714285714285715,42.857142857142854,0.05544852475462742,0.04879688121965742,77.61430482922077,3.787336013697769
0b18593e033697810a62a987e77f4b8c,2.0,63.653333333333336,40.57142857142857,65.14285714285714,0.26349768950226515,0.25594742134044907,69.93094040857366,17.89864386948704
0b3dc7efaafb0cf78a4796d42fa8d74c,1.0,310.03,42.42857142857143,99.57142857142857,0.019372538428570465,0.009936757980352628,358.1928869808983,3.5592760282129885
0b402d6dd50694a118c642448e2cb086,1.0,115.42,30.857142857142858,70.71428571428571,0.02325296107850612,0.015128741350502094,136.1556477464401,2.0598635781659658
0b51518c7deffd54b13b007c9f91c3f0,1.0,142.66500000000002,8.571428571428571,17.142857142857142,0.05321819374277538,0.06997941929344773,167.24040486551323,11.703386414889705
0bc9c245cd69735af23eefdd89d74e7e,1.0,105.4,9.857142857142858,60.285714285714285,0.007175596061461682,0.005171960229281307,124.72348528238753,0.6450649055378608
0bf1278577a2acf8532a031d98cd517c,1.0,142.3,9.571428571428571,46.857142857142854,0.011585057115114287,0.009701943926574063,166.82396381767097,1.6185167425678642
0c10e674d1504f959a7f2e504148c296,1.0,72.30000000000001,25.714285714285715,44.142857142857146,0.04423864591009666,0.038305220566706655,86.95855738217394,3.33096672068679
0c1201c04330536234aaa49b396745d4,1.0,212.72,27.571428571428573,31.428571428571427,0.0881321287910558,0.09081534851747124,247.168562691781,22.44669916341653
0c32aa09e8eced3ea26c2a013b7b75e9,1.0,128.05,28.142857142857142,39.42857142857143,0.06232666271408125,0.057354749441421375,150.56564893615908,8.635655069218418
0c4c416f1f9844e6805b074f8f96f52c,1.0,87.24,2.0,57.0,0.0032696376146845274,0.002439689766968628,104.00411698426429,0.25373777992911767
0c8286526be3a0fc8f50b7267db95035,1.0,172.76,48.0,70.14285714285714,0.052061382472711214,0.03405337184577259,201.57682496088867,6.864370575883355
0c8ac932c65f67489929f9164a86606d,1.0,153.26999999999998,6.571428571428571,51.857142857142854,0.006941973137865662,0.005482606096715646,179.340013940491,0.9832506538152048
0c9abfaffa0ae7587cebfdf0d680e3b7,1.0,40.1,20.571428571428573,50.142857142857146,0.024973413370031228,0.02011579317108914,50.22047042184528,1.0102245959606393
0cc2ee1112a11a1094eff52fa2e87150,2.0,279.8733333333333,20.142857142857142,67.71428571428571,0.060650742527952724,0.057411090019541235,300.3843664554397,17.24539390303611
0ceb502fc33a2ad327b08288c5310e2e,1.0,77.17,3.7142857142857144,19.285714285714285,0.02679944508204585,0.03382651207079171,92.51490780132922,3.129456645469845
0cf46588cd3f5a23002166b5a1945820,1.0,136.5,4.857142857142857,50.142857142857146,0.006099241234320231,0.00491286767060032,160.20654442730122,0.787073552735482
0cfd915db480acd7d9a954409cabfb1c,1.0,59.075,1.2857142857142858,54.714285714285715,0.0032194222839457185,0.002462629715188003,71.86970023775324,0.17698845942714542
0d153268371aa25450d4117ff070277e,1.0,400.625,7.142857142857143,16.285714285714285,0.04915501471934685,0.06573858508697845,461.5558369240963,30.342027658026257
0d4644eff058d75937ca1eec574bf87d,1.0,115.375,9.714285714285714,49.0,0.010764593342798924,0.00878736519544057,136.10430569944586,1.1959982388529142
0d51e04ae0b1d341e4f49812d1f4fbe2,1.0,97.545,30.0,45.42857142857143,0.05345925019999692,0.045556464118392315,115.76144574594711,5.273682149418458
0d57344e9e4e9d16dc699cb417e50cb0,1.0,134.385,0.42857142857142855,41.0,0.0050086363107412855,0.004514545152915227,157.79346821857155,0.7123657371078351
0d7241c7fb49c1be6e75c9fe99e0822c,1.0,126.615,14.857142857142858,32.57142857142857,0.035896327703397665,0.03636533478758692,148.92840810423138,5.415831420092747
0d997d092f93b5c58d0f9b4bd0643d16,1.0,66.12,0.8571428571428571,40.0,0.005585288012968637,0.005100883333517485,79.90758292829719,0.4075992579806174
0dc81b520ef7db9cb44bb075e129dcf8,1.0,252.475,20.428571428571427,31.142857142857142,0.05811915814533784,0.06014674722274424,292.5264088752551,17.594511970597093
0dd933d1e0253343083013791bf5d5e9,1.0,102.45,23.428571428571427,63.57142857142857,0.01872671893418404,0.01305381237710292,121.35772886832015,1.584181023158378
0df55f5accedda71bda8f4c7f590951f,1.0,250.72,10.428571428571429,38.857142857142854,0.017904505138237943,0.016602745199234884,290.52406904247937,4.823497092557209
0e06af8004ffd01a3461e768f9f659aa,1.0,247.765,10.857142857142858,51.714285714285715,0.010790034091193241,0.00853558414803553,287.15260795652375,2.4510152485407657
0e381ce773b382849206115413009851,1.0,103.315,1.5714285714285714,5.714285714285714,0.06653765024981965,0.11316217026466759,122.34463710498736,13.844784655043547
0e4d012fac3d20c033e0284fb6d2ea6a,1.0,266.24,16.142857142857142,17.714285714285715,0.09637685834253465,0.1253323409651592,308.23137058360675,38.63135923414294
0e730550dfc5d7f1cea73484bb2e0249,1.0,99.71,1.7142857142857142,27.285714285714285,0.012290460736749224,0.01350671704491137,118.23156867355927,1.596920343849772
0ea353565cdde00e1d8352a08290a352,1.0,146.38,26.428571428571427,79.57142857142857,0.013992857473738542,0.008410095399168562,171.4789760784828,1.442154547771784
0ee57f62666561b72f2ceacad0230cbf,1.0,193.205,16.285714285714285,26.714285714285715,0.0552387810166461,0.061268449918475,224.9032283119421,13.779472180333572
0ef7b906320b21fe4d39f99496aaa2d8,1.0,105.11,63.42857142857143,67.42857142857143,0.09571718683674565,0.06424363804100193,124.39261431286904,7.991434088889915
0efd5025e6544ef110881866b945d0cc,1.0,43.495,25.714285714285715,28.857142857142858,0.09074968327628291,0.09727378491998297,54.093942633966876,5.2619225412503905
0f0e48a91c9c285404572b095bcb373c,1.0,102.27,16.0,74.28571428571429,0.00789957552051932,0.004974033709275263,121.15236068034315,0.6026159259823017
0f187f58097c5431d5244e1fe1383884,1.0,75.635,17.142857142857142,51.0,0.018845309367092566,0.015030145628962452,90.76357353163654,1.364189727985539
0f1bd80ed58b9d0f45dca1bb396d8ac9,1.0,46.365,21.0,36.57142857142857,0.046073039811999575,0.04407837057978577,57.36842429782226,2.5287066657777957
0f26a77f8de836d7c44b4694e0fa3ea4,1.0,47.805,3.0,14.428571428571429,0.03546468109618631,0.04925448831966158,59.011369801638196,2.9065748246220187
0f5ac8d5c31de21d2f25e24be15bbffb,1.0,772.4100000000001,0.5714285714285714,40.285714285714285,0.005286735522532681,0.004810046855951902,885.7381245186859,4.26044188103784
0f64cafdb3e1e4806c99ff165305e27f,1.0,97.58,7.714285714285714,29.428571428571427,0.022198484450662324,0.0235833667553081,115.80137844916486,2.7309863787368864
0f9349a9da479b7e02c4cb4a0c73fb47,1.0,45.7,43.57142857142857,72.42857142857143,0.040685481020223235,0.026054292304673217,56.60970293668504,1.47492574759311
0fd39b61ec94864f92e18e5d7144bc6c,1.0,171.05,19.857142857142858,42.57142857142857,0.03244397436693496,0.028656172151107544,199.62582717510728,5.720512069337117
0fd475edfa0b61c59ecde6f89c21dedb,1.0,167.37,19.142857142857142,54.57142857142857,0.019100714924698625,0.014633701034791332,195.42718866535543,2.8598230529985726
0ffc908947e1f0c9f17647058b9a58c2,1.0,238.84,2.4285714285714284,63.285714285714285,0.002785663025095837,0.0019473652479090205,276.96976863599787,0.539361302163144
1015173479527a15ccb63606a74f404e,1.0,185.925,0.14285714285714285,51.714285714285715,0.0030538795810029534,0.0024158075795973274,216.5972260426504,0.5232572203935905
10351fa9e690ca750568e3c19978d69e,1.0,126.54,2.857142857142857,15.142857142857142,0.03288654057913973,0.04500694309448206,148.84283802590764,6.6989611410532355
1041688b50cfd8ef6df6086a1746a30c,1.0,32.230000000000004,32.857142857142854,33.42857142857143,0.10472132308261846,0.10476543900694063,41.24131686974012,4.32066466708267
10b442e762ba8a5ad22de5ba2207e5f1,1.0,64.62,10.571428571428571,21.714285714285715,0.046805630251118814,0.056519516531688185,78.19618136182225,4.4196103651944005
10b58cbd6607267fd41812614367439e,1.0,161.98,49.0,82.85714285714286,0.03815974414811351,0.02230503053553503,189.27755236982213,4.221841585300213
10bf8afdd66da75c386fbacf04c85710,1.0,224.5,7.571428571428571,30.714285714285715,0.02036540506564729,0.021213078799813555,260.6087696604975,5.528314366730593
110991b379efbcebb0d35cbd20bf9698,1.0,54.965,8.714285714285714,29.428571428571427,0.024578184027683934,0.026111527090626748,67.1804599456119,1.7541843998306104
1118a7bb7ba893f10740e22a23aa5bd9,1.0,44.21,22.571428571428573,55.142857142857146,0.023674441497655508,0.018024257286273975,54.9097107139866,0.9897067534237691
115030e27b9970683ad81cb05679157c,1.0,86.545,5.857142857142857,20.428571428571427,0.031769190192958666,0.039261955607587266,103.21116759179758,4.052272280196406
118be57d1b7de439453a0c6625ad7934,1.0,43.69,0.8571428571428571,54.857142857142854,0.0030115782254727212,0.002300027554002837,54.31642483760862,0.1249292737614239
1197ba886110324a1519fff17dd8d1d2,1.0,59.05,2.0,55.714285714285715,0.0034264689129135297,0.0025924777391519347,71.84117687831198,0.1862466518115005
11b47516f8f6a42105b9807903ede333,1.0,117.65,40.714285714285715,68.28571428571429,0.04061417873328239,0.02703649530724576,138.69993140859953,3.74996004464391
11e95918d6816403858e8314a3503f4c,1.0,129.66,24.0,32.285714285714285,0.06876733844509207,0.0699607106156031,152.4025532841755,10.662190927393235
121b5a0ae9d09a2ca5e8090fd2a00a58,1.0,73.13499999999999,7.285714285714286,78.28571428571429,0.003150827535513102,0.001914907263042513,87.91123758751162,0.16834186735938197
124bc956b56b1523d2a75b29a856085d,1.0,126.54,10.857142857142858,32.57142857142857,0.025458510993934626,0.0257911417328705,148.84283802590764,3.838826731448871
124ef8d5acc80858c69d34e3e08b572d,1.0,216.37,46.857142857142854,53.142857142857146,0.08572686980519222,0.06672937323819537,251.33297317020336,16.771291773739843
125740359669fa63858476105a5d523d,1.0,292.28,19.714285714285715,77.42857142857143,0.00955334710450161,0.005849629744123885,337.9413017776116,1.976831490646263
1291474366a550ebc251d9187e763d62,1.0,78.425,16.142857142857142,77.0,0.007389077031227469,0.0045414778757940965,93.94678044527991,0.42665722489432417
12c54f6dfd4b723a6c76c4c989494422,1.0,161.245,7.0,56.285714285714285,0.006162820614538855,0.004633996100026725,188.43896560224943,0.8732254316938941
12d8b5ed661190a3a08183644dfc504d,3.0,214.4875,57.42857142857143,74.85714285714286,0.48516257203553326,0.5526205737563976,225.06003253904314,124.37280431135953
130f4a32887cc549621b3c6cf36bf77e,1.0,113.515,41.714285714285715,43.857142857142854,0.09873800696584463,0.08580172345326499,133.98216775701692,11.495900905556523
133e20311ec257bda38f1798250d38c5,1.0,391.215,0.8571428571428571,69.57142857142857,0.001828785479363011,0.001202651528410423,450.81964443041016,0.5421789344116762
13473af264dea0facd893d6516900b22,1.0,67.58500000000001,24.0,40.142857142857146,0.04738525077857933,0.04319397237298718,81.57905179155438,3.52372330929889
13607978e0686d841deb64954c023495,1.0,59.935,25.571428571428573,59.857142857142854,0.02424904005153356,0.017555900961850772,72.8509038025322,1.2789632521385732
1372bab98f9966bcd4a6fa3e6df6dde8,1.0,122.645,21.0,53.714285714285715,0.02245712617526605,0.01736930685744568,144.39889862496105,2.5081087800941395
1373e04979cfa0fb2092909abbd57f25,2.0,203.04,13.142857142857142,30.428571428571427,0.20239490316578493,0.30497739803239565,218.4932143822386,66.63549201002954
139093b1c6e7e3108ac0469ce43bfb99,1.0,174.56,50.142857142857146,52.714285714285715,0.09831066815339892,0.07689384833153863,203.63050684065863,15.657933308679944
13abc50b97af7425b5066e405d7cd760,1.0,74.155,0.8571428571428571,69.71428571428571,0.001820717797644383,0.0011957360547207934,89.07499065271459,0.1065101778973685
13bf0b4120921402dff563cda4383ff6,1.0,98.25,35.0,40.57142857142857,0.08413728539851784,0.07626381975156572,116.56580448219033,8.889753502226014
142575266950512b56af193f3962270a,1.0,127.19,23.142857142857142,51.142857142857146,0.02851559153868376,0.022705444245412043,149.5844453713801,3.3963812843607544
142dc6250eac579893595d9889411834,1.0,120.46,30.857142857142858,44.285714285714285,0.058621396897542616,0.050668344743703,141.90595700979588,7.190139950957435
1450ca0539e1e64a77c08ba841c8be94,1.0,145.185,27.714285714285715,34.42857142857143,0.07666587212233479,0.0755981748480463,170.1155594971911,12.860425811241877
1477c54a1abe3610e3e9ab411801cecb,1.0,129.335,3.142857142857143,49.142857142857146,0.00513419964084459,0.004184120413846307,152.03174961143927,0.6361191471019935
14a188558af6cd5bc222ca773d395a7f,1.0,122.575,5.714285714285714,31.142857142857142,0.01624856188784805,0.01681542155441405,144.31903321852556,2.426785381894992
1500da334da019c68fda219f942ba38a,1.0,298.38,2.142857142857143,17.857142857142858,0.02432979426786678,0.03155244521305387,344.90100148127635,10.882469953165383
1506abf10c09a2872e24d79f33e4eb12,1.0,235.45,3.4285714285714284,24.714285714285715,0.018005346444838782,0.020642131320206765,273.1020010957645,5.637407370430022
151e9edb34867eaece4d6e7ae188f261,1.0,219.77,10.857142857142858,21.285714285714285,0.049403531196098166,0.06011534898321137,255.21215005421323,15.342167465264735
155af62b6c947689a67af5c16acd5c55,1.0,231.86,9.285714285714286,37.714285714285715,0.0169320314438375,0.015945997476218995,269.0060466800012,4.2895697414469485
1581a918a58a11d99c69f86d9c0d2098,1.0,117.495,0.14285714285714285,20.428571428571427,0.015263072965395736,0.018862869640773914,138.52308658006376,2.612942924397381
1590457b4be348b165ff7030a6f94dce,1.0,88.875,16.142857142857142,76.57142857142857,0.007479724186055601,0.004614589448864471,105.86954469172197,0.4885444838905058
15a38a0c1bf789e06ec42d24e485e794,1.0,115.94,24.571428571428573,57.42857142857143,0.024796573169023343,0.018417665382940217,136.74893362281807,2.518596100938966
15a52a044cbf18c87283f8c460ad5ccf,1.0,34.055,0.2857142857142857,3.0,0.07622782839754932,0.13964837311679165,43.32352210895128,6.0500593802044005
15eb6c5aa4aa23cbdb42e119220d23ec,1.0,218.44,3.857142857142857,49.142857142857146,0.005620427347199269,0.004580372101402735,253.69470733193876,1.1620161597367442
1647c6dc2941bd075dc5dd3448807bed,1.0,119.81,0.2857142857142857,54.142857142857146,0.002843489116235081,0.002188834659017559,141.16434966432342,0.30898542116294486
1650819cd492bbf4b9d189c7d4126475,1.0,181.42,10.571428571428571,42.714285714285715,0.015224271510267963,0.013422359568559895,211.4573166713373,2.838256137765524
165d93a9d1da194b47da42c9cf810ebd,1.0,302.395,11.142857142857142,63.0,0.0073968689404889576,0.0051857739178511626,349.4818530075409,1.8123338780887994
16a909e83380bb2ae4676ca69ac30886,1.0,121.77,30.285714285714285,56.0,0.036371807907572135,0.027433734418860677,143.40058104451734,3.9340134558855953
16bd767d18bf82bb09fc51520f7ea5ab,1.0,65.71,6.857142857142857,45.57142857142857,0.009237771904698912,0.007858353029287092,79.4397998334607,0.6242659916672361
16c8e42089546fde55ed3caa46478e7a,1.0,88.065,19.857142857142858,42.0,0.033263269891704896,0.02959588397403343,104.94538784582551,3.10595152229499
1741b0bef7ccbc530ba7287000d5f49f,1.0,168.79500000000002,12.0,31.0,0.03068186185964071,0.03182084162965054,197.05302015350662,6.2703929469490705
175b8225bdd99e95a64e07a6c06e8746,1.0,212.62,1.0,32.142857142857146,0.008449567186483715,0.008614434161752872,247.05446925401603,2.1282344597555203
176df29483e4fb6ce1d6dd1c824ad72d,1.0,76.85,35.285714285714285,51.142857142857146,0.05603598133520142,0.04461846243720234,92.14980880048122,4.111582782559649
1772d62f5099be6942fbb3d3e881cc7c,1.0,96.07,1.8571428571428572,20.142857142857142,0.019858663545233083,0.0246710415432471,114.07856753891342,2.814437078946653
177c725937ae5f96171bb8b43f196dfa,1.0,110.165,5.714285714285714,75.85714285714286,0.0028346721519497387,0.0017599428228086283,130.1600375918896,0.22907422397634733
178a58ded2b9be43b90300e0e0e8e66c,1.0,81.925,5.0,47.142857142857146,0.007005827930498431,0.005846864266850649,97.94005076705476,0.572642183123431
17a2d93cb1aab45e3d21d5eba7daaed2,1.0,190.22,24.857142857142858,61.57142857142857,0.021901392148511743,0.015578553260175234,221.49753919465695,3.4506112113417147
17c7da60a0690728119612a54035452d,1.0,122.01,5.857142857142857,39.285714285714285,0.010940980555335104,0.010087412651882564,143.67440529515332,1.4493030137260328
17e873c00e3fef97c9f1347c6681bd1a,1.0,397.3,0.8571428571428571,49.857142857142854,0.0036514886980442774,0.002951020079338355,457.76223011841023,1.3508655326421333
18186af785c301b05127a291eac901e1,1.0,63.69,30.714285714285715,42.0,0.06401310725898073,0.05695544970239387,77.13511239060779,4.39326501405176
182053495bc94c2f41090ce8c41be266,2.0,71.63333333333334,18.571428571428573,20.428571428571427,0.5227885248917418,0.939102972428793,78.43625138745625,73.6597168241322
186638bdb0f600c9bf2bd60e4b14537c,1.0,82.345,1.1428571428571428,12.571428571428571,0.03242520806317282,0.04684382487047396,98.41924320566775,4.610333792610885
18753de7f8b65856d23473280e71ceb2,1.0,162.05,40.142857142857146,61.42857142857143,0.04909132277148565,0.0349698911172765,189.35741777625765,6.621808281884367
18a65d67bb184e736656cc017f09f7b8,2.0,75.16666666666667,7.285714285714286,27.428571428571427,0.12874745278762056,0.20381872150054442,82.20217855438003,16.754342937513208
18bc87094128bbfe943cf88adcf72059,1.0,55.77,73.57142857142857,83.28571428571429,0.08398908655663248,0.04891784377065235,68.09891211962012,3.331251944018961
18d61a27f478cd6201df948578f814f9,1.0,93.15,43.714285714285715,62.285714285714285,0.05568571184543651,0.03932263647231557,110.74703915617555,4.354865561123589
18e1192f2a6be73c4365dbc29eb7a6f7,1.0,79.035,0.14285714285714285,28.571428571428573,0.009097991492217919,0.009795896260826257,94.64275041564639,0.9271105649109431
18e3d276253780b44b5b7bf83f6785ec,2.0,56.28333333333333,29.857142857142858,69.42857142857143,0.12265036329250219,0.11415981228566906,62.07578478020717,7.086559937994043
18f17efd50fd7e9595cc1a40205c937c,1.0,81.425,8.142857142857142,60.285714285714285,0.00603927137075494,0.004352930554596906,97.36958357822978,0.42384303544605356
1912afd96bbe171633bb73727487ef85,1.0,136.84,21.0,33.142857142857146,0.05448787131198349,0.054738506819355,160.5944621157022,8.790701059671013
191525912e1a31a97bf8b481ce852f75,1.0,131.82,2.0,12.428571428571429,0.036861899870850215,0.053419054456946495,154.8669715398994,8.27284718627227
191e0f453bea7f50ce1fcd514af38835,1.0,55.465,13.857142857142858,55.714285714285715,0.01212889565814452,0.009176762665416817,67.75092713443688,0.6217341786746755
194be31520cde5c527bad17720119e85,1.0,138.625,18.428571428571427,73.14285714285714,0.009844110436381278,0.00626296852936339,162.63102997980738,1.0185530226614876
194f1bab01e4e36f4255603e9a427b89,1.0,131.28,3.2857142857142856,9.0,0.05919722521894783,0.09274938256032633,154.25086697596845,14.306672671416106
19506c32fa96c6fa4505b4e3ad453b7b,1.0,50.39,3.2857142857142856,8.0,0.06520929636107052,0.1046657790805476,61.960685167863346,6.485163385458947
198ba72088fecd3caeaf2dca0addcfb9,1.0,174.65,1.1428571428571428,30.285714285714285,0.009547650306746891,0.010010240492570181,203.73319093464713,2.039418237574537
19be5923f7d998e76b9f3b1eb87c32af,1.0,88.905,28.428571428571427,60.57142857142857,0.028013341707963588,0.020131651754770337,105.90377272305147,2.132017871976818
19bedfc18c92d4e7eb6ba318a6c2033c,1.0,528.1,22.142857142857142,43.142857142857146,0.03693339826608285,0.03238510138682378,606.9964467150247,19.657641468307855
19cb65cc7310ae4eef4f15bb70539d01,1.0,69.13,8.142857142857142,33.857142857142854,0.018286509534175478,0.01818081287956833,83.34179540502355,1.5152215873060007
19de4cc79e2c2986e70b155b7631f61c,1.0,100.04,42.857142857142854,61.0,0.055993278197752336,0.040062089001334,118.60807701818376,4.751687337779556
19f735a9a58a187253055f9d4bcc2bb6,1.0,61.06,24.428571428571427,44.57142857142857,0.04019710775104951,0.034620113766951434,74.1344549773884,2.5665432653681255
19f8fcd23ed70e29220a6a2f13ecd911,1.0,112.84,4.428571428571429,43.285714285714285,0.0077152300067794615,0.0067528804097461755,133.21203705210323,0.8995649553515296
1a13743254d9c8e6360106295947932f,1.0,383.81,30.571428571428573,39.42857142857143,0.07100606871025833,0.06534178315273605,442.3710253639123,28.905311612382253
1a24445f0e6006e4336ecba4ba576e4b,1.0,71.02,1.4285714285714286,34.42857142857143,0.007959890327972003,0.007849035876420867,85.49816137878197,0.6710781360300807
1a27a558aac4c4bfe3642b8c9bffcf4f,1.0,259.245,1.2857142857142858,5.571428571428571,0.06507580128217572,0.11109203851494247,300.2505346119453,33.35544395524229
1a281fe9f53ee457dacd2c9e8ccf861f,1.0,132.47500000000002,46.714285714285715,56.285714285714285,0.07652761989515132,0.05754324429009759,155.61428355726017,8.954550733763938
1a2ede4e787ad199c46719ecb02d81ea,1.0,126.38,2.5714285714285716,4.714285714285714,0.08419129606925839,0.14704969156592348,148.66028852548365,21.860449575773565
1a328a664417dc7cbff0ed7df49f5a3d,1.0,126.34,57.714285714285715,77.0,0.06110696802516982,0.03755759239893389,148.61465115037765,5.581608492415635
1a68c22c23a52a35f499dbd3c5a020a6,1.0,125.285,3.7142857142857144,55.57142857142857,0.004310948823009247,0.0032667569664115593,147.41096538195694,0.48155579808696103
1ac4011bec2c0d9ce8eceb56bb1142c7,1.0,96.055,27.285714285714285,29.0,0.09826902723575362,0.10509858174377606,114.06145352324867,11.987696996927065
1af3dcbc89998031651925e3994eab18,1.0,59.54,40.0,61.857142857142854,0.04810560703148869,0.034118164311835904,72.40023472336046,2.4701631045070993
1b2db8ab2d8e7b84b5455736fc9713f2,1.0,98.24,1.0,68.28571428571429,0.0019433690096267056,0.001293683357579811,116.55439513841382,0.15078448124334717
1b5720c7b0ee7183c2eafe3dba65111b,1.0,33.005,4.714285714285714,44.857142857142854,0.007457574753031001,0.006400149784729421,42.12554101241882,0.2696097722422427
1b6c7548a2a1f9037c1fd3ddfed95f33,6.0,137.00142857142856,13.285714285714286,41.714285714285715,0.03916395683790858,0.10896903547568286,140.54779345658002,15.315357491199016
1b6e96ed99cb8d135efe220d761bbd67,2.0,38.336666666666666,73.0,75.42857142857143,0.5444129215830911,0.478757395366559,42.947716981416946,20.56153711896331
1b765716e166ca699d20c4adc8bb0f7c,1.0,104.8,1.2857142857142858,75.14285714285714,0.0016451802521059808,0.0010279577953282075,124.03892465579754,0.12750677952405529
1b7b7f9631cd453251d0b328c9b38a2a,1.0,155.42000000000002,68.85714285714286,75.42857142857143,0.09000364702497402,0.0560936006753359,181.79302285243844,10.197425229446896
1b95e3fe033836c787689ae4b9516aa3,1.0,196.805,5.285714285714286,73.28571428571429,0.002907922732013846,0.0018476583130392042,229.01059207148194,0.4231333242149037
1b9d0a0c0fd5211ae01a554419120554,1.0,44.4,1.5714285714285714,22.285714285714285,0.01650004947980752,0.01972386990974504,55.12648824574009,1.0873076827400667
1bcbeccb2851888f299cf9a5dba8553d,1.0,172.155,8.0,11.857142857142858,0.07632956102577834,0.11200946688769255,200.88655966241046,22.50119645268924
1c4531b533d17f3b316de441268e513c,1.0,42.855,16.571428571428573,65.28571428571429,0.010892673920840366,0.007464948289818627,53.36374463227091,0.39835759423098865
1c553721323d2cf153d114724b92118e,1.0,97.815,9.714285714285714,31.0,0.024859191214896582,0.025782020345087607,116.0694980279126,2.9925061595997486
1c628081cb579ed6035b9aa8614e69f4,2.0,67.52,7.428571428571429,22.0,0.19523087455931315,0.3403719365102426,74.05214372332044,25.205271561841386
1c98969880c8c7c522bc4677dfce9384,1.0,115.70499999999998,26.571428571428573,49.857142857142854,0.03699533321885208,0.029898482563870152,136.4808140440703,4.080569238999441
1ca845c3b11ba93c4ac5182ab9c1197e,1.0,212.16,2.2857142857142856,23.571428571428573,0.016706030877023402,0.01952843179804793,246.52963944029702,4.8143372500071875
1cbda36ee89944baa7a738ddbdc4679a,1.0,270.36,32.142857142857146,48.57142857142857,0.05282439221133388,0.04334031635413855,312.9320202195246,13.562572753653876
1ce1097b476f97ea37d805251c5c74ba,1.0,168.10500000000002,18.142857142857142,51.714285714285715,0.019763597991129884,0.015634228056695572,196.26577543292817,3.068463892842598
1ce879e096d3c38f230acdab7165332e,1.0,99.69,4.142857142857143,19.285714285714285,0.02823076498200444,0.03563313753355364,118.20874998600627,4.212148645920818
1d0be6ff723818bb810023b236405017,1.0,48.13,17.857142857142858,22.571428571428573,0.07928187158415563,0.0942978911535877,59.38217347437444,5.599613730750024
1d39a7704cfb79b7cd820bc83e3de161,1.0,53.99,2.857142857142857,10.571428571428571,0.04851732663553179,0.07328201439425974,66.0680489274032,4.841599712498618
1d72aaec15863f7532b2dbf4a5c4247d,1.0,239.78,21.571428571428573,73.85714285714286,0.012049592527050837,0.00761655896142522,278.04224695098884,2.117725167669358
1d7e8be24bca64576da891970638bfe3,1.0,127.735,14.0,19.714285714285715,0.07152028107675491,0.08955682865469439,150.20625460719933,13.45199580672035
1d95a47c2206919e1de2f8ff91065d20,1.0,50.86,1.4285714285714286,80.57142857142857,0.0014396279642676546,0.0008578801589157493,62.49692432535882,0.05361487137198438
1da09dd64e235e7c2f29a4faff33535c,2.0,721.4666666666667,35.142857142857146,68.42857142857143,0.17735591887521393,0.1667024711273364,771.0471015683914,128.5354571870212
1dcb4c54d17855c39899eb445551501c,1.0,83.00999999999999,36.0,48.285714285714285,0.06457971600385785,0.05316483412478104,99.17796456680496,5.272780035027597
1e0926e360000226b237bf277aec3380,1.0,69.75999999999999,42.42857142857143,50.57142857142857,0.07876554515994258,0.06313066586581872,84.06058406294302,5.306800644963222
1e433d2aca7584032f8f56d51643e605,1.0,95.375,4.857142857142857,43.142857142857146,0.008173374231294234,0.007166834506966973,113.2856181464467,0.8118992772750381
1f2c5059dad2c277b3b338163b49ca73,1.0,132.315,54.285714285714285,82.28571428571429,0.04719337914102345,0.02771774051966281,155.43173405683615,4.308216473108621
1f90117a847636892e3c5bf569f2ac68,1.0,66.505,21.857142857142858,54.857142857142854,0.022817031878902567,0.0174260132372286,80.34684266369241,1.4001251438270275
1f9756abd497b76eeccb492bfe91df35,1.0,246.925,6.428571428571429,24.428571428571427,0.026031053488851815,0.029987381596292818,286.1942230792978,8.582215378133455
1f98d2384ff7a372e6a2d3bb75cbcd54,1.0,690.705,0.2857142857142857,13.428571428571429,0.026676062573490065,0.03783515933442317,792.5180811927961,29.985047877340758
1f98e3467d2b48dfb44fc12b137d3447,1.0,236.985,65.0,99.0,0.0452975038648149,0.023332062502592607,274.8533353654572,6.412895199792895
1fbd81e4d0a0cf9125ca038b43533b7f,2.0,65.2,40.857142857142854,69.14285714285714,0.23423558066255967,0.218629009246507,71.57942173447238,15.649338056245584
1fe11e8f0fa5bea7416ec09d6e8d2b4d,1.0,163.12,1.5714285714285714,81.28571428571429,0.001440296182773452,0.000853084440275619,190.5782175603431,0.16257931205619042
1fea3244d38e951f0196b2728aee3bdf,1.0,115.45,20.857142857142858,47.142857142857146,0.028690081066474367,0.0239439237538743,136.1898757777696,3.2609200016725275
2004ba7732339d9be65f2236d8887ae4,2.0,88.35000000000001,31.285714285714285,47.57142857142857,0.31273146483652153,0.37010143231600656,96.25335020077962,35.62350277452271
20282afdbe6cf22d5f5a956d8b5a3f78,1.0,110.045,31.0,61.57142857142857,0.03124192252951645,0.022222512193564522,130.02312546657157,2.8894404911262566
2028c90d6c4523ae70a285c44010258a,1.0,169.38,18.857142857142858,24.571428571428573,0.07528156502656086,0.08651416272467465,197.72046676443182,17.10562063565668
204efc7a771f1a33fd28465082171f5b,1.0,148.055,3.4285714285714284,20.571428571428573,0.02363993159531999,0.02913942625149064,173.3900411610465,5.052486317155241
204fa49efb5913a76287284d6e096f69,1.0,57.4,3.857142857142857,58.42857142857143,0.003958592259663913,0.0029091876453447582,69.95863515518955,0.20352279707865892
206b04b38a5dc8404458ec16edeca606,1.0,113.235,15.0,30.285714285714285,0.04098087357541511,0.04296642492191297,133.66270613127494,5.743008627849141
208ed8bf578938c97d49b3429358a424,1.0,91.415,8.428571428571429,38.285714285714285,0.015120699429008027,0.014129875838147805,108.76751801095287,1.5368715247182692
208fe9aa6033a77419f8f503b7698e03,1.0,199.34,1.7142857142857142,5.428571428571429,0.06991202153805175,0.11979871804986485,231.90286071882457,27.781665426211543
20ae758fb6688386d9d1540f63d380e0,1.0,164.915,49.285714285714285,60.57142857142857,0.07330535953930668,0.0526805400579549,192.62619476822476,10.147651969698888
211aaecea827d378c879c2b2f667c89d,1.0,131.33,9.0,16.428571428571427,0.05847306211334652,0.07797853361484862,154.30791369485095,12.032704835091094
213b36024bb0b8261de0ffbd652ebc34,1.0,207.205,0.42857142857142855,14.428571428571429,0.025060395170793056,0.034804681815076684,240.8763095990415,8.383623312384541
21421ba1bd92005a3b48e6a745e9b8bb,1.0,278.725,2.4285714285714284,32.714285714285715,0.009978184118136432,0.010087299873195125,322.47593628856646,3.2529114712321356
21559d7ff0ebff720e5e160184338fed,1.0,85.715,57.714285714285715,63.857142857142854,0.08887440628969966,0.061775015144363156,102.26419205834812,6.317372013130517
21560f93adbd9ada040a40909ac8619d,1.0,217.135,12.428571428571429,53.714285714285715,0.011539108786755839,0.008924842823359855,252.20578796910556,2.250897016765889
216ab90e27f18940cfac8f9f02fb4239,1.0,151.47,21.285714285714285,27.142857142857142,0.07627561571947489,0.0840168595026985,177.2863320607211,14.895040852494356
21a2d9dc71459dbd3dad219cb9681964,1.0,304.195,28.142857142857142,55.857142857142854,0.032443619748279015,0.024508848351408666,351.53553488731086,8.615731114684433
21bde4e982c4681021edabb899bcebfe,1.0,652.1800000000001,3.142857142857143,40.0,0.007626149063685535,0.006964743190959954,748.5635842938316,5.213553126711041
21c8aa0cb27943cbf33d75985e28da67,1.0,104.59,2.857142857142857,46.714285714285715,0.005465854473204377,0.004585314991554897,123.79932843649107,0.567658916624271
21d3f0a4bf0cccf65dcfe93b8325d250,1.0,73.595,7.714285714285714,74.42857142857143,0.003684569366583049,0.002317035485716807,88.43606740123062,0.20490950638589464
21de770aa4f3a60388b97b416ad38343,1.0,75.38,0.5714285714285714,18.142857142857142,0.019157587163649768,0.024708967942934208,90.47263526533578,2.235485444483961
220bcdd6ae284ed1a273d99003fa8a0e,1.0,51.46000000000001,13.0,34.857142857142854,0.0273934250281254,0.026847003338528876,63.1814849519488,1.6962335374381814
221d59abddcd719f3ec72c50078b9e31,1.0,96.02,27.857142857142858,33.285714285714285,0.08165684285494007,0.08186148136482127,114.02152082003091,9.33397060179754
2280ecb8db2591c39d1c7d3e9caa115c,1.0,53.6,8.428571428571429,61.285714285714285,0.006010562079824217,0.004287851418536594,65.6230845201197,0.28138203604834205
22ac8971f405f9520b3e7cf37e042ee7,1.0,103.54,27.857142857142858,30.571428571428573,0.09346792407679433,0.0975701224884921,122.60134733995861,11.962228477213927
22f6af8201369f9eb96592db3142b9c2,1.0,402.56,9.0,37.42857142857143,0.016687919419355844,0.015777684714176853,463.763544944849,7.317114994068814
230b7f6050862e4d39911debaa3088ef,1.0,96.52,1.1428571428571428,19.285714285714285,0.01912398842359852,0.024138478362968875,114.59198800885589,2.766076223121357
231d36f5c4b238c26f449ffd98c79180,1.0,764.6300000000001,0.7142857142857143,17.285714285714285,0.020851737319566074,0.027342735035024986,876.8616550605693,23.975795896694624
23339103d82a054f9729b0554ce22e8c,2.0,81.29666666666667,2.4285714285714284,13.428571428571429,0.20813948253104145,0.43281269221147484,88.73570691284496,38.405940204236806
233c8f191c45cef30af148a82ac70020,1.0,107.655,0.2857142857142857,62.42857142857143,0.0021174478240137532,0.0014930799862211055,127.29629230398818,0.19006354635923647
23b2d37ef78f3c8dcb31f5eefc30190a,1.0,27.85,25.285714285714285,52.714285714285715,0.030734687762188066,0.02403918581465951,36.244024295633295,0.8712768347137626
23dc3a062c6c097bcb3940a909e7730f,1.0,46.92,3.857142857142857,76.57142857142857,0.0022228282738202838,0.0013713660616164957,58.00164287741799,0.07954148456009118
24072811917876a84c81166f96aed0c1,1.0,209.315,73.0,85.42857142857143,0.0784770672637223,0.044906185074633335,243.2836811358829,10.92494201072604
240f980f7c03e873c538e86792646919,1.0,276.9,4.142857142857143,7.714285714285714,0.07416292709019587,0.11987613263089879,320.39373104935527,38.40756139738103
24115a0c9fc9115c586e54fd5f42e8d1,1.0,109.91,18.428571428571427,52.142857142857146,0.01985693593216546,0.015631738025679864,129.86909932558882,2.030079738288602
24259224caf748993c177ebf964c2e6e,1.0,106.535,5.571428571428571,38.285714285714285,0.011104066964132369,0.010376443777506022,126.01844580102022,1.3076233177829761
24391449252cf6db04ce271b2a208d83,1.0,192.06,7.285714285714286,26.857142857142858,0.024616334999699768,0.027240162029115358,223.59685844953287,6.090814653366447
243b99bd9ed8a3f460e7289d0a8df291,1.0,126.875,25.714285714285715,36.57142857142857,0.0618375460330668,0.05916037406935282,149.22505104242038,8.828209840187856
247e0dcd20596bee51bd2b07f633fa04,1.0,87.635,9.428571428571429,42.42857142857143,0.013813456450983502,0.012223055321710714,104.45478606343603,1.2767566286708358
24d27f115e367d9129a0e7a7a5d36866,1.0,377.115,2.4285714285714284,43.857142857142854,0.005836292709283864,0.005071643518260445,434.73246970554584,2.204808112159487
24d9e83fe11e4390b69e1afb2b93f5ee,1.0,174.745,12.571428571428571,46.714285714285715,0.015393061308384018,0.012913266375692192,203.84157970052385,2.632260617114755
24fb2954f8c6cdb4b900ed8db6dc88e2,1.0,111.905,25.285714285714285,65.28571428571429,0.019919239567795108,0.013651018512691123,132.1452634090005,1.8039174371607107
2516f43838c4892e066fec28143efa64,1.0,407.715,0.14285714285714285,29.0,0.008875832582423311,0.009492690041287893,469.6450616616345,4.458194999775436
251e658613a224723f8a077946183b20,1.0,177.595,1.5714285714285714,42.42857142857143,0.005531795468527519,0.0048948966741330265,207.09324267682624,1.0137000248142205
255ac312f5ceb97163ec60f0db2eee11,1.0,172.465,6.142857142857143,44.714285714285715,0.008854077911767571,0.007612121862982076,201.24024931948196,1.5318653015567925
2587f2fbf466ff9e409952f2feba0005,1.0,71.32499999999999,1.5714285714285714,3.142857142857143,0.0889114367133606,0.16222072296598763,85.8461463639652,13.926023927006426
25a1ad8a564d758f233c587cc657aa4b,1.0,241.26,39.57142857142857,55.285714285714285,0.0588672987250537,0.04474791047638906,279.73082982991076,12.51737013071487
25a560b9a6006157838aab1bdbd68624,3.0,32.95,0.14285714285714285,73.0,0.001206410362386245,0.0013985067880966423,35.726707510601024,0.049964042969918826
25bd804c580bc1ee0c93d073fae09a84,1.0,61.825,3.7142857142857144,40.0,0.008199114397983293,0.007488015995803068,75.00726977629061,0.5616556358863801
25f24493ded5ebebc26a69b5db344e35,1.0,105.38,15.0,41.857142857142854,0.023260182069357656,0.02073379791206597,124.70066659483453,2.585518420677215
2642f11f7c5588a63213b5e67e8ad0a7,1.0,145.73000000000002,0.7142857142857143,4.714285714285714,0.06623430659511226,0.11568576338202302,170.73736873301036,19.751882839716252
26a6e3e036636ef1d5636f98b66094cc,2.0,160.17333333333335,22.0,32.57142857142857,0.3547350398569004,0.5167914595889892,172.80470177220104,89.30399405269577
26d1b63e9b8478f84f87188c4877049e,1.0,298.61,4.714285714285714,60.285714285714285,0.004119571302282917,0.0029692667695616795,345.1634163881359,1.0248822623496732
26e025af2347c3968f6a578f853a9da2,1.0,206.56,31.857142857142858,47.57142857142857,0.054120288358023176,0.044935344878854575,240.14040692545726,10.7907920045439
270c0ad2a232e4a10be51000bc69eb03,1.0,43.175,6.714285714285714,9.0,0.08649498964250499,0.1355191371594283,53.7288436331189,7.281286529734115
27259fad9054fce994a70f1d117bc402,1.0,167.37,34.42857142857143,74.57142857142857,0.025053288670128116,0.01573448028154177,195.42718866535543,3.0749452465321787
272f0ffe236b0bf765e14f5a2b577a6b,1.0,159.91,26.0,30.285714285714285,0.08560276761156053,0.08975028023552385,186.91581820808673,16.775747064628018
27517ed34c0406fe07b3a806e33cbc10,1.0,91.4,2.142857142857143,47.714285714285715,0.00476862774281577,0.003952563466455446,108.75040399528812,0.42984287379404623
2767f1bba0529fe3f48378c05ea40f0f,1.0,98.29,40.0,61.285714285714285,0.04900735722940614,0.03496116726257726,116.61144185729633,4.07687212350324
27d59fe7ff2ed894f826fd4a7e5466ea,1.0,49.565,9.714285714285714,35.0,0.02017421216402791,0.01973164442413869,61.019414306302124,1.2040133860611548
27e86d2ae0db33b8d242c9251067d97e,1.0,62.765,12.0,71.14285714285714,0.006178723773062412,0.004003977816350638,76.07974809128157,0.3046216236310362
27eecff5a6338f7c36c78ad05eacc575,1.0,273.87,1.4285714285714286,3.7142857142857144,0.08165279108246004,0.14659258676783024,316.9366998850759,46.46057067781276
280c34dc057ff9f3cd17360673d4b87c,1.0,85.6,16.142857142857142,48.714285714285715,0.019084696412137333,0.015631813746297747,102.13298460491835,1.5965237926975788
281e1e72207e518c29b249a1361a775d,1.0,218.835,11.428571428571429,68.71428571428571,0.006318736225874973,0.004189193068155344,254.1453764111105,1.064664049165155
282d49fddab8e95a8673a2a90072cf5c,1.0,327.545,55.857142857142854,64.85714285714286,0.08106455153038605,0.055790096320996775,378.1763526054374,21.098495138180592
282dc4abbf2759fb9bb77217f5cd6c4c,1.0,155.93,19.857142857142858,58.42857142857143,0.017505239601237278,0.01286468103715307,182.3748993850399,2.346194909771422
286d8f01f94a8061cef05c7c49efd8a9,1.0,58.055,10.857142857142858,42.714285714285715,0.01563711401176317,0.013786338921957205,70.70594717255027,0.9747761515187797
2878289928927b75d078057c8d91405f,1.0,174.3,43.285714285714285,77.0,0.03533199440633019,0.021715766424669925,203.33386390246963,4.415550694731654
28ad66c8baf13c85d2a936d0b06e73f6,1.0,77.295,38.0,73.71428571428571,0.03056805850831649,0.019347117756281534,92.65752459853546,1.7926560394134186
28aea3e12549a3611bbd8d4e3310e4fa,1.0,112.56,2.142857142857143,14.571428571428571,0.03139353747219406,0.04347142786613999,132.89257542636122,5.77703000659263
28da99e178f274876e3052c1740c6c87,1.0,33.5,2.857142857142857,55.142857142857146,0.003924141762133359,0.002987599126911127,42.69030352935556,0.12754151355187368
291d020953194db1b8578ff8d9959c62,1.0,227.7,6.857142857142857,19.714285714285715,0.037200213552964566,0.04658165629278659,264.2597596689773,12.30965729691469
294e0922aa06792eea5094656727c0bd,1.0,187.075,2.4285714285714284,69.42857142857143,0.0022864480717762646,0.001505648325057519,217.90930057694783,0.3280947734281369
295c05e81917928d76245e842748184d,1.0,140.75,13.0,25.428571428571427,0.045883290571555255,0.05197808198898519,165.05551553231354,8.57926911907281
297ec5afd18366f5ba27520cc4954151,2.0,483.6666666666667,12.142857142857142,28.142857142857142,0.21196363248034764,0.3315585798097386,517.5930977114645,171.6124323965364
298c3e1a698283a45f1c94df3942bb3b,1.0,68.445,3.5714285714285716,26.0,0.016931316200443008,0.019000013517468883,82.56025535633333,1.568645967776016
29d72fba272ad06ed0b2ac6351da042f,1.0,133.98000000000002,15.0,29.571428571428573,0.04260580327401546,0.045163738590812796,157.33138979562335,7.105673760858805
29f8e372b3b1d42ad2e00a0b976bfc34,1.0,243.94,36.714285714285715,54.42857142857143,0.05323559191360769,0.040849913203702376,282.78853396201265,11.551887067350458
2a17d0a71f5910d7207819f9ca9ec12b,1.0,73.0,31.571428571428573,35.57142857142857,0.0889395019957307,0.08628772561888924,87.7572114465289,7.572370182376932
2a34af7c4b1b83d78b14cf6b9c32c3b9,1.0,111.455,19.571428571428573,42.42857142857143,0.03200024126147998,0.02831591938159047,131.631842939058,3.727276652712545
2a36404701b15c414647a2ec2102baba,1.0,182.315,37.857142857142854,45.57142857142857,0.07817797037457255,0.06650414154565143,212.47845293933403,14.130697109678506
2a3d4df1de5c9feee497328298916d41,1.0,116.765,4.142857142857143,39.42857142857143,0.008879825503822979,0.008171465383790644,137.6902044843793,1.125130739631161
2a3f4536e732a04cfad59b6e50c2e925,1.0,51.75,8.428571428571429,50.42857142857143,0.008943570347055924,0.0071801278249613975,63.51235592146729,0.4560268339805791
2a7f837de6a1999e457b8e3c5619156f,1.0,55.14,18.142857142857142,22.571428571428573,0.08087616750044568,0.09619414738186491,67.38012346170065,6.481573526883086
2ac4312997e09e6770fd4c3d52adf77a,1.0,78.965,0.5714285714285714,34.285714285714285,0.007092312111856728,0.007007893294524971,94.5628850092109,0.662686607766985
2ac6f6d09c75bb721defa2eb7a4f52a1,1.0,39.255,7.142857142857143,50.714285714285715,0.0077253756319288595,0.00618169754894132,49.25638087273106,0.3044880489106817
2ae3c67452283d5a0d30b32e0d33296e,1.0,52.625,5.285714285714286,36.142857142857146,0.011926268157312448,0.011478262681224243,64.510673501911,0.7404704561976267
2ae6a57dcdd2f1424598fc480cbf698a,1.0,210.705,0.14285714285714285,28.0,0.009406159406372537,0.010219627351226362,244.86957992081636,2.502475856442085
2b0d2a4ffe3906cd18019c2463cfeee9,1.0,258.5,3.0,11.571428571428571,0.04515915675646925,0.06668970374433755,299.40053850059604,19.96693321349988
2b161eaf4956b131691842e87b3c39c7,2.0,75.05666666666667,2.0,26.571428571428573,0.06182434596387745,0.09931191410999393,82.08493742559844,8.152012255335258
2b174670dbec666bbc68b6e2a4062740,1.0,165.97000000000003,9.142857142857142,68.85714285714286,0.005050452799142076,0.003343807365113268,193.8298805366455,0.6481297821174601
2b19910e856b2ba3e7257e63a093a3df,1.0,131.48000000000002,0.14285714285714285,48.714285714285715,0.003440566879804364,0.002818085207400972,154.47905385149846,0.43533513651220596
2b4871f788b44ee004ec2c7fc7cd420b,1.0,144.92000000000002,15.0,58.57142857142857,0.012042935068882555,0.008837075170087607,169.81321188711388,1.5006521183204398
2b4efa2bb0d9e62ee5e197cacd93c0d6,1.0,198.01,19.0,49.857142857142854,0.022607185154145344,0.018270426898194907,230.3854179965501,4.209239937916046
2b5ffb4c42d26e466ad575ecce365aa2,1.0,74.255,56.57142857142857,76.71428571428571,0.05923174898826133,0.03649677704819549,89.18908409047958,3.255114117182993
2b6ce149982204423f4efac29701255a,1.0,313.41,16.857142857142858,50.714285714285715,0.018643321894171345,0.01491802894101452,362.04924517735526,5.401061117628247
2b775b75afa0be08220fb73a7e68df3b,1.0,63.36,18.428571428571427,62.142857142857146,0.013905579619338334,0.0098337096007195,76.7586040459833,0.7548218215448127
2b952792a20f6076f6e7a9c6a27ade02,1.0,65.07,24.714285714285715,64.71428571428571,0.019580583932755847,0.013494748889063915,78.70960183176472,1.06216631187787
2b9bd15bf8e54b231c518790c55e5f92,1.0,57.88,6.142857142857143,17.714285714285715,0.03974582831992178,0.05168707294058604,70.50628365646153,3.6442634261211766
2bd9d2f3cc5d99b1b3d9ff5acd81bd5e,1.0,51.555,24.857142857142858,67.57142857142857,0.01804573368443168,0.012095339951135339,63.28987371782554,0.7655125380815258
2be5dce8b491a7bc6a65d6e91bf49812,1.0,75.305,36.857142857142854,38.0,0.10233662611496339,0.09600242452720999,90.38706518701206,8.677377403852134
2c45ab66a3dae52960147e76a35740ff,1.0,114.295,32.42857142857143,36.714285714285715,0.08807008064004045,0.0840903870847637,134.8720965715839,11.341446807638121
2c6a91479a7dc00d8c9d650d8dee88ca,1.0,199.765,10.142857142857142,42.714285714285715,0.014617592566307043,0.012887485835979283,232.38775782932578,2.9948939374804198
2c961ee955abb3ac9a80babd54ed4156,1.0,80.22,1.0,32.0,0.008514891140663278,0.00869948927331692,95.99475765316159,0.8351053644983366
2ccc5d0620e07e3b54b83848c31a08fa,1.0,90.175,3.142857142857143,27.285714285714285,0.014848235701431437,0.016317607820488474,107.35275938266692,1.751740226053623
2cf396c9e24e7627ff042cccb209b9e6,1.0,214.65,5.571428571428571,55.285714285714285,0.005447616167768248,0.004140999262146808,249.37056604064543,1.0326433299754445
2cff422ea56f68a1e1bdce4371b88d66,1.0,55.22,1.5714285714285714,16.142857142857142,0.02566392483355087,0.03442015202460588,67.47139821191264,2.3223757837667547
2d14556024f4bbe01f147576097c42fe,1.0,160.2,29.714285714285715,33.57142857142857,0.0889067928236747,0.08875968348323539,187.24668917760522,16.619956864687996
2d49eaf79111ff286fe657aadbed5a28,1.0,75.475,41.285714285714285,58.0,0.0578214783122118,0.04268649943623315,90.58102403121254,3.8665868312417753
2d5e5796e7901464c00407e69739c6db,1.0,108.695,50.0,62.714285714285715,0.07034441398404846,0.04945905004911135,128.48286405674412,6.354640403835678
2d7c6bd64b139f0f40968dd19c629532,1.0,116.38,1.2857142857142858,57.857142857142854,0.002870588530929652,0.002122419068726293,137.25094474898407,0.29130402233594266
2dc7f51f05ba1b1a92608e45e55d1fe1,1.0,52.57000000000001,42.142857142857146,78.42857142857143,0.032334433416016814,0.019626784372625918,64.44792211114026,1.26490547053914
2dcbfb99d95c7ba6eb992a98627f45b8,1.0,142.615,0.7142857142857143,39.57142857142857,0.005581554419951273,0.005126539382156256,167.18335814663072,0.8570720695798363
2dd7f52683f631651a5d94056935e1e1,1.0,85.57,0.7142857142857143,29.428571428571427,0.009422602795049032,0.010010444541794044,102.09875657358886,1.0220539404660414
2ddaeeb8948d70423c3326843412fccf,1.0,71.71,1.0,11.142857142857142,0.03606402041368056,0.05377136541790403,86.28540609936044,4.639684101600956
2ddc001b620bd90d0f4378cfde1db887,3.0,120.8325,26.571428571428573,48.0,0.282066148179844,0.4298151991125747,127.38317483449865,54.75122465508195
2e08911037fe7ec67377711eee1fdbf3,1.0,178.89,13.571428571428571,39.857142857142854,0.022625671740808914,0.02070249913751279,208.5707526958829,4.317935827796909
2e0a2166aa23da2472c6a60c4af6f7a6,1.0,149.765,36.0,79.85714285714286,0.023388097183271558,0.014022445464515568,175.3410389468279,2.458710156323394
2e366b0c6451864364bab2e7917ca1bb,1.0,56.78,0.2857142857142857,65.71428571428571,0.0018995302482111625,0.0012963210757204367,69.25125584104657,0.08977186246685666
2e49a3bbeb76297ee0ff49df39c2456c,1.0,102.535,69.28571428571429,71.14285714285714,0.10223571710565456,0.06625147172210473,121.4547082904204,8.046553171819266
2e7c511f54e9d94776c606007d672a22,1.0,314.475,0.14285714285714285,20.714285714285715,0.014962538884588768,0.018395528548740946,363.2643402895525,6.682439542536009
2e9399fc2fe209771a6f719e14bdb6fe,1.0,95.01,0.14285714285714285,40.142857142857146,0.0049934978345682925,0.004551817368631865,112.86917709860447,0.5137598807006137
2ef9e79cf6bf3c0dac3b48c8dd46259e,1.0,71.245,5.857142857142857,23.428571428571427,0.026037386283451872,0.030511190494478306,85.75487161375322,2.616483223636755
2f118e666b41b76a61d8cdbbc19f7735,1.0,182.315,33.714285714285715,42.714285714285715,0.0722912692875066,0.06373503056550688,212.47845293933403,13.542320692600068
2f1ae2ed6bbc4661d04c271560570c54,1.0,55.645,17.0,39.0,0.030951474872618078,0.028646127199037492,67.95629532241388,1.9466846797812245
2f293b442348c20d12aa4537bd3d7234,1.0,157.005,4.714285714285714,19.285714285714285,0.030208059812782653,0.038128897697843084,183.6014038410136,7.0005191442343815
2f2f4b5a5700a5b108e6da7f0f5f5bb3,1.0,101.665,5.857142857142857,18.142857142857142,0.03733464375135776,0.04815327252502606,120.46209538186494,5.800644107858626
2f679a526d3b619beccc26a3d1435de4,1.0,81.645,2.5714285714285716,41.42857142857143,0.0066282837725728655,0.005941200629623744,97.62058914131278,0.5799835056706083
2f7c8c8386941ce0ef458ca7ff304123,1.0,123.965,5.285714285714286,59.285714285714285,0.0045641514201280485,0.0033241268100124054,145.904932003459,0.4850064961857351
2f87ccd8d2d676d667a844ee5c6a17bd,1.0,202.76,16.714285714285715,49.142857142857146,0.019613306803259307,0.01598388125107034,235.80485629038742,3.7690768213712595
2fa63db193ecb500d4058cae36026f8f,1.0,223.08,1.1428571428571428,19.857142857142858,0.01836148413408488,0.022931368441386796,258.98864284423456,5.938963991195877
2fb6dae4fb3a2f917940978144362cd2,1.0,94.68,27.714285714285715,47.57142857142857,0.04322592860952018,0.03588990503761026,112.49266875397998,4.037351199007689
2fd07dc5dbae616986e00fb72e7a779b,1.0,101.37,1.4285714285714286,18.285714285714285,0.02139930579342544,0.027525070863191153,120.1255197404582,3.30646344333378
2fe074ea3cc24b8fd57d29effc995f8b,1.0,521.53,32.857142857142854,72.0,0.02490008944682615,0.0160085314616403,599.5005078538644,9.597122741247926
301a6d74a3eb7cd8e3508a045b8fa2e1,1.0,295.58500000000004,1.4285714285714286,54.857142857142854,0.003267570942545349,0.0024955364396465666,341.7120898957448,0.8527549722026144
30a81e307f19e822e7199139fe52b1b0,2.0,43.77,20.571428571428573,44.714285714285715,0.17717600246492338,0.21742567239488977,48.73871819093182,10.597048574328397
30b782a79466007756f170cb5bd6bbd8,1.0,83.25500000000001,2.2857142857142856,7.0,0.06372693232973214,0.10485926379720953,99.45749348932922,10.429039546406822
30d2d6693d77801c2bcdfafbba202462,1.0,87.46,2.5714285714285716,27.285714285714285,0.013789574741213832,0.015154182433725022,104.25512254734727,1.5799011467328594
310647380793836bfa5b7b6b3f518423,2.0,128.42333333333332,26.142857142857142,71.57142857142857,0.08636633814275382,0.07874411219841129,138.96464869206042,10.942647888220415
313febe2adc914a7cb3f6e903f8e13cf,1.0,80.74000000000001,64.71428571428571,67.42857142857143,0.09946653072100584,0.0667601295860625,96.58804352953958,6.448230302496309
314259ece6a9207c6fc02d925fc996b9,1.0,98.46,3.2857142857142856,26.857142857142858,0.015510970565332698,0.0171642672003633,116.80540070149681,2.004879108085994
3170ebd8b32a5e2102c9d75e0a7f6d74,1.0,138.24,0.5714285714285714,53.714285714285715,0.0030149452896418624,0.0023318883050974177,162.19177024441214,0.37821309221599203
317f563ca3576550955f39a346b15be5,1.0,165.135,4.0,31.571428571428573,0.012966483030645955,0.013332649232750262,192.87720033130776,2.571564057012229
318b8659483e12e9cbe1e6550d97f9d9,1.0,317.7,2.857142857142857,81.28571428571429,0.0017141126964035174,0.0010152653930977844,366.94385365747354,0.3725453958283707
319aed7fd576c317a96b55a991befb3e,1.0,32.885000000000005,2.5714285714285716,25.571428571428573,0.015294609149776404,0.01728520541938068,41.98862888710083,0.7257820755916795
31aa2034dc4b34b06487e22a53b4a07a,1.0,189.64,2.142857142857143,50.285714285714285,0.004297989078455502,0.003456248373792362,220.83579725561995,0.7632633651398762
31bfa97f1ea0663a50ebc5c811ebdf4d,1.0,468.68,3.2857142857142856,46.57142857142857,0.005811768871368859,0.004883951277155377,539.2021259950642,2.6334369118984884
31d332d20895c5c0baefe55207a0fead,2.0,92.02333333333333,61.285714285714285,67.85714285714286,0.49495930782525305,0.467858727820946,100.16849334978905,46.86470386637319
31d958dffbf0b744375b5ff0393e6fb3,1.0,106.87,18.142857142857142,67.57142857142857,0.01141824314057366,0.007653195755022418,126.40065881753297,0.9673689854943802
31e0eb64c5eb715aab04433200ea4ed5,1.0,100.03,1.2857142857142858,50.714285714285715,0.003752827331486413,0.0030029405199106553,118.59666767440726,0.35613873888585573
31e2e13cc64f2a3bd9dbde22bbad06b2,1.0,175.1,0.2857142857142857,31.571428571428573,0.007852566129854157,0.008074318189356012,204.24661140458957,1.6491521295784066
320e13a9e22b4e4cda8c17ed1c140ce0,1.0,50.085,1.1428571428571428,39.714285714285715,0.005897254975242522,0.0054062273104251565,61.6127001826801,0.3330922623966422
323ff9fd6b4a3edcdf3039e1fb213eb6,1.0,192.43,32.0,40.285714285714285,0.07359563783207786,0.06695974573669862,224.01900416926335,15.000255559362301
325e19085f3017b73be3d9fd98a93301,1.0,65.05,1.7142857142857142,84.28571428571429,0.001355267979315325,0.0007828308766821078,78.68678314421173,0.06159844343207817
326489271c23dd3128b4480220e5232a,1.0,336.92,3.0,18.571428571428573,0.025804665586420673,0.03301167261069379,388.8726123959058,12.837335367678866
3279712e1ea8d52462488b4fb9dd7014,1.0,102.27,1.2857142857142858,16.428571428571427,0.024133835558754792,0.03218441175058694,121.15236068034315,3.8992174606917835
327a01a6885ecfda06a3d5c50fb515c3,1.0,90.39,37.0,54.285714285714285,0.05422916782697582,0.041678070030699635,107.59806027386166,4.484479491261447
32c3312cd5a2dddfdcbd359694cd7ae8,1.0,127.555,21.142857142857142,57.142857142857146,0.02002719007085509,0.014920725286325768,150.00088641922235,2.2381220189665703
32ea3bdedab835c3aa6cb68ce66565ef,2.0,45.72,90.42857142857143,99.71428571428571,0.49264898597285556,0.3542611459335357,50.81708365569635,18.002518288867336
32fb60e2ce6a1f62eeccbc2d33046072,1.0,240.625,2.2857142857142856,6.0,0.07072104934849151,0.11938365921892298,279.00633650010303,33.30879739664845
330fdaa06f93c0c6ffb4af7d79c1ef12,1.0,53.595,42.285714285714285,52.714285714285715,0.07247019198359336,0.056682678041093726,65.61737984823145,3.7193688158374547
33176de67c05eeed870fd49f234387a0,2.0,418.0033333333333,14.571428571428571,27.285714285714285,0.27813978844532966,0.4413852642018653,447.60724935181196,197.56724401381973
33416ee3d4fa56400ec814d7b24bde02,1.0,124.95,15.142857142857142,31.571428571428573,0.038695476423342874,0.03978821495599385,147.0287523654442,5.850011603827883
334293c291f43a6aa85020f8597a171f,1.0,147.69,9.571428571428571,56.714285714285715,0.007914595524873395,0.005923753769000331,172.97360011320424,1.0246530156081497
334d0235ca6f2f09dd55804a26efe952,1.0,96.37,7.857142857142857,20.428571428571427,0.03928439327942554,0.04854961979325677,114.42084785220841,5.555088659646799
336421b86cc4259a58106da261e0e000,1.0,281.41,9.714285714285714,78.28571428571429,0.004044649231683159,0.002458125080764896,325.53934509255663,0.8002164289477921
339c527109c4c03e8e09bd4b593dab5f,1.0,201.995,26.285714285714285,74.71428571428571,0.01590389269597944,0.009975473968749144,234.93204149148522,2.3435584643234044
33aa371b7512b6a9fede4f231e212226,1.0,151.56,6.857142857142857,56.857142857142854,0.005943239996899017,0.004441445833023705,177.3890161547096,0.7878637066245097
33aca86429de0f71ff7118b93bb09712,1.0,96.88,8.571428571428571,46.285714285714285,0.01073703891859645,0.009054309478279253,115.00272438480988,1.0412702574253208
33b141e373b4f251b033f9ed33d6974d,1.0,110.99,28.714285714285715,46.42857142857143,0.04786261103550009,0.04029142297452373,131.10130845345077,5.2822582714114885
340d924858c395848c127b3e772b6bfd,1.0,130.625,35.0,61.285714285714285,0.038759026630323955,0.0276501507031756,153.5035549586077,4.244396428078701
3442a61b2d5bfd9d605d6943701ad650,1.0,607.39,2.142857142857143,24.857142857142858,0.015105297093575195,0.017275853449695157,697.4611335188898,12.049236329530608
3443f8095ad309eebbdc8caa8b2bf936,1.0,82.45,0.7142857142857143,64.28571428571429,0.0021206003101733465,0.0014677174215798115,98.539041315321,0.14462746764426945
345759b8cb3d30586551de1ca6905df0,1.0,528.06,49.714285714285715,58.285714285714285,0.08021169613890586,0.0590370214857953,606.9508093399186,35.83256797182162
345817899c325d8b41c9e88011a8ab43,1.0,62.83,35.142857142857146,59.57142857142857,0.04132363468021155,0.030006793340704517,76.15390882582882,2.2851346042234995
346534c8088852932d947f4b8fea3959,1.0,270.41,7.0,64.42857142857143,0.004652124632905752,0.0032152833966816916,312.98906693840706,1.0063485502699547
34b0cd95480e55c2a701293a2b9671b3,2.0,98.52333333333333,17.857142857142858,18.428571428571427,0.5540535741027462,1.0353571440637805,107.09637823233751,110.8830003062074
3504bea0c72ad9e945b63f889702d2d4,1.0,80.095,29.0,65.57142857142857,0.02457775800919895,0.016796407536331437,95.85214085595534,1.6099716210464707
3511aa3ff5fb9645041bf1875415142d,1.0,66.655,3.7142857142857144,8.714285714285714,0.06403137540257116,0.10101097603480659,80.51798282033991,8.133200033036323
355ae139c8a163fb77c065a2d1403ed9,1.0,165.275,3.7142857142857144,72.28571428571429,0.002475844412468821,0.0015875692013939053,193.03693114417877,0.3064594866160942
359bacb2b5c52b4287667a7bc6c7bc63,1.0,290.45,4.0,71.71428571428571,0.002610350930375151,0.0016826501311848904,335.8533918665122,0.5651237538830771
35b45b906d1450b3540dc96692f58583,1.0,202.07,54.714285714285715,64.0,0.08001773594588622,0.05553976026163088,235.01761156980893,13.052821803848275
35c62cb24d4c38a9d121fed1a43b2237,1.0,59.0,3.5714285714285716,4.714285714285714,0.09477098742767157,0.1655283280016606,71.78413015942948,11.882307042343939
35de25c73544f00e8adde226a4d1bdcc,1.0,173.69,19.0,66.85714285714286,0.0124394006562962,0.008395271335650033,202.63789393210314,1.7012001024446772
35e9d2caa31b87cc3d1ad10d72271140,1.0,44.995,1.7142857142857142,61.285714285714285,0.0027040779483293027,0.001929051611578467,55.80534420044182,0.10765138916455334
35ecdf6858edc6427223b64804cf028e,4.0,120.78,34.0,56.0,0.3295696325934576,0.5588949382654321,125.63914822898978,70.21908399316273
3633902a0addd1ffc74cbc13d96da288,1.0,115.365,4.571428571428571,10.571428571428571,0.05953287529291591,0.08992022699272363,136.09289635566935,12.237504132399
36445bb429c8bb13c3f8cd6794723647,1.0,96.83,0.2857142857142857,67.85714285714286,0.0017736585464611626,0.001185557793503231,114.94567766592739,0.1362747439863505
3648f9e5f51f679ed24deff1f031a093,1.0,114.175,3.7142857142857144,42.0,0.007482112027969748,0.006657184341210388,134.7351844462659,0.8969569601057747
36cfec707344b75d20e6c7ef583c3b8c,1.0,68.32,25.0,39.857142857142854,0.05100944200501132,0.04667366084026818,82.41763855912708,3.8467329093645066
3724bfc68569cc4df876284536b8add9,1.0,323.535,14.285714285714286,67.0,0.008571515840716058,0.005776873733337471,373.60120575106106,2.1582469922465126
3725c5b8c1cf5ee69158f66922a862c4,1.0,85.435,25.0,26.857142857142858,0.09703635534345058,0.10737934961896832,101.94473043260612,10.946758850934293
37266d5c6bf5cb0700372d16599a9b21,1.0,155.025,36.0,46.857142857142854,0.06825288139344966,0.05715859848825838,181.3423537732667,10.365274788241859
372b41e8faa2819e0b6346b16cdf402b,1.0,72.22,5.142857142857143,10.571428571428571,0.06348066685778797,0.09588308888855243,86.86728263196193,8.329103382107412
374fcbbfcf189ae177b2f955f9e74b3d,1.0,51.315,47.714285714285715,62.285714285714285,0.06538004172737948,0.04616831729702053,63.016049467189546,2.909344966605948
37669671d35808111ab0d229e546221f,1.0,137.76,2.0,20.142857142857142,0.020244629078494218,0.02515053864956836,161.64412174314015,4.06543673137638
377860a7242c2e503c926b76ab6e0a65,1.0,51.55,32.714285714285715,66.42857142857143,0.02926470787537451,0.01983283021124248,63.28416904593729,1.2551041797476414
379a5698aeca26ff55abca9bc7fcaa4f,1.0,102.085,13.714285714285714,40.142857142857146,0.02260176960418004,0.02060261781509651,120.94128782047791,2.4917071310308927
37cc3e75e39bb11d75a1982ac0d07c17,1.0,54.24,3.0,82.14285714285714,0.001706161872512957,0.0010032713577400262,66.35328252181569,0.06657034784616957
37d2d1ac62901f9a36cff32ca86c9337,1.0,90.88,8.428571428571429,39.857142857142854,0.014044512333137495,0.01285073467848215,108.15711811891013,1.3898984285353686
37f2527bb624e379f72a742154fdb762,1.0,73.85,2.4285714285714284,16.142857142857142,0.028770298855766454,0.038586384071473724,88.72700566753134,3.42365431819919
37f8e7062a53c1a0fca4f59f4c6b1429,1.0,82.435,28.571428571428573,74.28571428571429,0.01842399396427588,0.011600821689690953,98.52192729965624,1.1429353111280074
3871b0ab0166a2f441fa762f5206cacc,1.0,166.57500000000002,12.0,62.857142857142854,0.00803943088438731,0.005644373568407597,194.5201458351237,1.0979443696745634
387b38ebe598313ef56ef3df19b192af,1.0,42.77,18.571428571428573,24.142857142857142,0.07572466326226705,0.08765744838385936,53.26676521017066,4.66922872198569
388661387449408a9ab88ea55c9f1a0f,1.0,195.645,30.714285714285715,56.42857142857143,0.036665978552492054,0.027527645525663506,227.687108193408,6.26769000511153
39104edef5e46d7b8c61848cc95e6d97,2.0,42.09,11.571428571428571,59.42857142857143,0.03514872245647751,0.03625080145995136,46.948126405903906,1.7019072092571224
394ac4de8f3acb14253c177f0e15bc58,4.0,149.082,33.714285714285715,36.142857142857146,0.7405091578205295,1.631177544569365,154.84300269466408,252.57642892922973
397b44d5bb99eabf54ea9c2b41ebb905,3.0,439.1325,22.428571428571427,33.285714285714285,0.4493056832997567,0.8414942030923602,459.352037226859,386.54207650506794
39ce02a045b8e7b0329984df3109957b,1.0,56.78,14.285714285714286,62.714285714285715,0.009852821644987091,0.006927503852329889,69.25125584104657,0.4797383416175328
39d28c99c5382bfc238c047203595443,1.0,28.0,4.857142857142857,45.57142857142857,0.007357740935845837,0.006259055361878232,36.415164452280784,0.22792453031872562
39fff7cb5873a7116b02234bd1e6c6dc,1.0,62.77,30.428571428571427,47.714285714285715,0.0499270180331675,0.04138291309575683,76.08545276316983,3.1486376795495685
3a2681b8e4c9f2171aaade5d578f2cb7,1.0,158.56,12.428571428571429,15.857142857142858,0.08265690234949905,0.1114948983910303,185.37555679825928,20.668428869402586
3a2d236fc85fdf338f179ca0cd725433,1.0,44.815,8.428571428571429,65.14285714285714,0.005286405943865411,0.0036279659735965497,55.59997601246482,0.20171482110600675
3a41ac64aa715256d81e129f02b451bf,1.0,54.19,9.142857142857142,16.285714285714285,0.05990753688327456,0.08011871694552461,66.29623580293318,5.311569350848958
3a43af6775cec872d9a3c80707eb3336,1.0,250.515,13.571428571428571,30.285714285714285,0.03648906533672143,0.038256985502660504,290.29017749506113,11.105627111993298
3a4acf4c4c97cc25075d29f8d29f405b,1.0,253.115,1.5714285714285714,16.428571428571427,0.025101599122051114,0.033475002337504445,293.256606876951,9.816765600694557
3a73ce6fc3b392e1ca609b5548418c36,1.0,151.58499999999998,1.0,32.57142857142857,0.00825764818181722,0.008365539315640585,177.4175395141508,1.4841934020898455
3ae522de6b23a3699ef105d4c4b3b82d,1.0,41.095,5.857142857142857,53.42857142857143,0.006033528909867534,0.004681481498728128,51.35570012760698,0.24042076000162182
3af90f255e824d1d53b3584a4e89ad58,1.0,112.34,66.71428571428571,83.0,0.0695790165256154,0.04062163374870527,132.64156986327825,5.388117270839391
3b92b8617254e581d164b5d213d437a2,1.0,90.03,37.57142857142857,71.28571428571429,0.032147655864718204,0.02080494344139002,107.18732389790767,2.230026211329922
3b93b770a314d48d7f698a09cab03370,1.0,111.55,1.2857142857142858,9.571428571428571,0.043379843566623416,0.06705555374595062,131.74023170493476,8.83391418759424
3b97119ab53db4ae0144dff13c2ee26b,1.0,585.39,5.571428571428571,18.0,0.03654638687446051,0.04726578151436957,672.3605772105908,31.779648141311196
3bab949ef05da8e9b3cfd541b6af0ffd,2.0,248.76,6.0,69.85714285714286,0.010318862115150635,0.00956460134736163,267.2228908176411,2.5558804215602797
3bcd0ddf751cb9542efe9f6299fad626,1.0,104.46,1.2857142857142858,9.428571428571429,0.04397263058844501,0.06820032120742017,123.65100696739655,8.433038392797394
3be412c1321c061d6f85c5e41530ce2d,1.0,110.295,40.285714285714285,63.57142857142857,0.04611458006993979,0.032145037163079135,130.30835906098406,4.188767044675192
3bfda42ef722cb59c430e6be0b68628c,1.0,94.54,2.4285714285714284,60.42857142857143,0.003069327944403172,0.002209014920928457,112.332937941109,0.24814513602364013
3c166bd80203dfb723ba32f64bedd87b,1.0,164.2,2.857142857142857,19.428571428571427,0.02382475226096461,0.029991796406595182,191.81042668820504,5.752739265894797
3c25f47ab68536a1d3d6b29b9c8b7e63,1.0,58.57,9.857142857142858,49.42857142857143,0.010729569470274515,0.008714816824574376,71.29352837704,0.6213100405834989
3c3dbbf3d36a7a4587efada79a3166cd,1.0,111.625,1.0,26.428571428571427,0.011708350878557022,0.013046952628162306,131.8258017832585,1.7199249910356875
3c555d15cca5369965d1759ad9530a66,1.0,276.255,2.857142857142857,18.714285714285715,0.025077629666204686,0.03199494006488972,319.65782837577103,10.227433060155597
3c884190b71bbb36aab161465ff1d2c7,1.0,62.39,0.8571428571428571,28.857142857142858,0.009938835775342112,0.0106533503882578,75.65189769966284,0.8059461737311424
3cd4207d6ce944798257ac5953640a40,1.0,87.09,22.857142857142858,45.57142857142857,0.03492870119275729,0.02971301604530299,103.8329768276168,3.0851909065105514
3d4f12dece1264e5d6321f1b7f003336,1.0,29.195,29.428571428571427,30.571428571428573,0.1015380308573606,0.10599441686383446,37.77858103357248,4.004318666596632
3d50a44231c2a153219cef76ee3e445d,1.0,181.63,44.142857142857146,71.42857142857143,0.04290135133159587,0.027727666709206806,211.6969128906438,5.869861443999757
3d71bc3ae0c9f857ffe17636e0d59aab,1.0,49.78,2.142857142857143,66.28571428571429,0.0024296734827263253,0.0016488906846959248,61.26471519749687,0.10101881818970145
3d75cbf8643a1c15723adb850fb5f928,1.0,60.775000000000006,6.857142857142857,32.857142857142854,0.016823790189816473,0.016972082756894727,73.80928867975817,1.2526973557003889
3d93772915efa454a89bf52047b0b285,1.0,177.655,25.285714285714285,33.57142857142857,0.06963193119968489,0.06951671494739453,207.16169873948525,14.401200759290816
3daa1c97a3155484f70c88b19c90dfb5,1.0,381.025,40.142857142857146,46.57142857142857,0.08312019460504928,0.06985050327769116,439.1935231221571,30.677888626384963
3db6e5afa8e8178a29afc729855315e2,2.0,259.78000000000003,24.142857142857142,64.28571428571429,0.09831056014211494,0.09633385100994117,278.96832026466944,26.874092600870217
3de0c9303f39b7ccfe69ca11aee19cc6,2.0,241.9333333333333,13.714285714285714,32.142857142857146,0.1926151833746325,0.28248266878197725,259.94683531022605,73.43047577986178
3df4912077693dc7933267da9542825c,1.0,122.845,32.142857142857146,61.0,0.033833187966527095,0.024206980393733764,144.62708550049103,3.5009850231132433
3e3d56f9737c010ccb5b67c601a18b53,1.0,106.315,1.2857142857142858,5.857142857142857,0.06309914031860614,0.10691407123104116,125.76744023793724,13.446309064144534
3e43e6105506432c953e165fb2acf44c,8.0,130.29555555555555,23.142857142857142,49.714285714285715,0.06192311735603122,0.19641929987916668,132.8362579032657,26.09160477592787
3e47025034c5a31cff56168ac0519f1f,1.0,48.215,1.8571428571428572,21.285714285714285,0.01835136126624589,0.022330356962914598,59.47915289647469,1.3281907160300555
3e5306add1209e5ba184092dd1587282,2.0,69.93,51.57142857142857,84.85714285714286,0.2353251385717427,0.19044730448940628,76.62079027208073,14.592222975165896
3e6658866cc636c1762c080ed56f44e6,1.0,145.835,56.142857142857146,79.85714285714286,0.053677212054209854,0.032182429071474776,170.8571668426636,5.498598653267153
3e7bb77746c1489704b3e041860dfb6d,1.0,77.045,6.857142857142857,16.714285714285715,0.0461986481312654,0.06126232468871629,92.37229100412297,5.658941283735168
3ea4185126195c34ed9949d8e406d570,2.0,268.87666666666667,54.42857142857143,60.857142857142854,0.48990955393262,0.497581458314901,288.66380633875906,143.6337577207699
3edcab192482e9871c17b34cf98c3996,1.0,127.135,3.7142857142857144,7.714285714285714,0.07057193573804627,0.11407169404552367,149.52169398060937,17.05619292892449
3f00548d480f59bdac5e1ad8a68dcfe1,1.0,115.105,13.0,45.714285714285715,0.01665961712860319,0.014147114251513451,135.7962534174804,1.921125112024569
3f1ae9854823f7c0a8027bd994b2ce64,1.0,170.18,3.0,24.571428571428573,0.01720648097900833,0.019773822380176824,198.63321426655182,3.9277378977104007
3f36fa15a16c4850992aa0f33561906e,1.0,102.41,16.428571428571427,81.71428571428571,0.006632087983220231,0.003913961822297399,121.31209149321415,0.47481089468748927
3f5534bf8c9378ee05b7dd684cb20e8a,1.0,73.15,5.0,47.57142857142857,0.006882846126401092,0.005714734230385357,87.9283516031764,0.5024871607280313
3fdc39171d444e1a1cd4da98ac2e4adb,1.0,207.47,6.0,26.428571428571427,0.021967584483996015,0.02447911213890543,241.17865720911874,5.90383939533265
3fe3e628c6c7a15ae96416826a4c5952,1.0,195.465,55.714285714285715,57.714285714285715,0.10081577411206008,0.0746532217819581,227.481740005431,16.98224478797117
3ff874206f1d7d1e3ffe12bc9c88c27c,1.0,61.255,51.57142857142857,56.142857142857146,0.09208448702382746,0.06934801386039768,74.35693718103013,5.156505910246797
4041baa51d9eae8f5955ccd4f02bb044,1.0,81.38,61.57142857142857,67.42857142857143,0.09042543791198764,0.0606919122354175,97.31824153123553,5.906430173918909
4046cc9e4828038b58ee191e1f713466,1.0,113.85,8.571428571428571,20.428571428571427,0.04219365808350638,0.05214503487607038,134.36438077352966,7.006435321537305
4067ba7df47a2bcb753ae5f7530fc7cc,1.0,88.105,1.1428571428571428,66.71428571428571,0.0020849927196342458,0.0014090964188040829,104.9910252209315,0.14794247764538374
40730ca1af9742bd0bdbcef270ff4c76,1.0,89.99,21.0,60.57142857142857,0.01760718665389457,0.012653319043214317,107.14168652280168,1.3556979424010653
407a6773db6e845737d04a6e27e653b4,1.0,122.39,0.5714285714285714,50.42857142857143,0.0034236075302440717,0.0027485599973778706,144.1079603586603,0.39608937514552967
408aee96c75632a92e5079eee61da399,1.0,209.7,72.28571428571429,82.57142857142857,0.08252402701730904,0.048352196329346224,243.72294087127813,11.784539486973681
408b1dc1bf28c3245e5eca9097e14b9f,1.0,53.64,17.428571428571427,44.857142857142854,0.02467930283289049,0.02117997337525845,65.6687218952257,1.390861781328132
4092bf290aa60e4f2d4a0dcc2f38c954,1.0,291.885,65.0,74.71428571428571,0.08194691470759995,0.051399951578623676,337.49063269843987,17.347002178938876
409379e6e577c89589dade402e6c2522,1.0,183.495,40.0,66.28571428571429,0.041816582140002515,0.028378699132486963,213.824755504961,6.068068403552873
410a0462acba9ae869f84450fae8a4ea,1.0,138.285,2.857142857142857,16.428571428571427,0.02973972504492493,0.0396603164824287,162.2431122914064,6.434613180571396
41348c09a551501117e31f8a4149950c,1.0,144.555,4.142857142857143,41.714285714285715,0.00799238719894595,0.0071374516485749094,169.39677083927162,1.2090612612900253
417021b1b4553c55daa22f17dbf37cdc,1.0,182.775,0.2857142857142857,22.285714285714285,0.01373387978579224,0.016417239147224875,213.003282753053,3.496925832100831
4186b96df8197e7b4982a751c1dde3b6,1.0,27.54,6.571428571428571,8.857142857142858,0.08638788054228815,0.13581339298297498,35.890334638561804,4.874388122557474
4191bcfd448dc07138d2951ea4d10008,1.0,89.005,22.0,64.71428571428571,0.016425784099712196,0.011320491385386251,106.01786616081647,1.2001743405705554
41b3ab6b1f95cbd2afb361e852a56917,1.0,65.56,1.0,51.42857142857143,0.0035033597003356147,0.002780426130924598,79.26865967681321,0.22040065272878046
41b4af321ed477242aebe74652fd8219,1.0,127.115,4.142857142857143,15.857142857142858,0.036416404965616246,0.04912164932385228,149.49887529305636,7.343631326455839
41d57ab847e5ccbe403f46b07ee577d6,1.0,76.56,25.0,25.714285714285715,0.10337284965955548,0.11655092699254666,91.81893783096274,10.701582319669718
4220ae19dee604e8c1dddccd4e535502,1.0,30.41,19.285714285714285,35.42857142857143,0.043301607968318855,0.04209530359804516,39.16481630241718,1.6486548326119197
42398dee8f2098eec5579129cc1a6f5e,1.0,146.365,10.285714285714286,49.857142857142854,0.010992493948813966,0.008883793172447613,171.46186206281806,1.5232317195288174
423d40b193638955a782839886648464,1.0,479.065,67.42857142857143,71.0,0.0973773105717401,0.06318690628904836,551.050729506959,34.819190805867954
425634deb94b1080fc7d283f3a644941,1.0,72.675,0.42857142857142855,46.57142857142857,0.003922771630414178,0.003296522270307994,87.38640777379266,0.2880712393485231
4291db0da71914754618cd789aebcd56,1.0,313.87,10.285714285714286,14.714285714285714,0.07498602874022244,0.10352902886744247,362.5740749910742,37.536941876337174
42befda568ea0df110b6cec63c233bea,1.0,118.38,23.571428571428573,46.714285714285715,0.03488709709564408,0.02926684750000416,139.53281350428398,4.083685574076401
4307ca57b237ef2790e2a99ebcf3c7db,1.0,177.10000000000002,0.2857142857142857,30.0,0.008566241867735044,0.009020713790506533,206.52848015988954,1.8630343091106705
43255e3df6cda368809baa2fc72872c8,1.0,63.94,33.0,62.0,0.034226044545610644,0.024239036988143437,77.42034598502028,1.8765946299657688
432aa6200ee9673be90863a912dc91dc,1.0,66.67500000000001,23.571428571428573,48.142857142857146,0.03294194946800146,0.027165327821210943,80.54080150789292,2.187917275944992
4377c22228de511d013c6a7560d58a2d,1.0,130.57,2.5714285714285716,41.57142857142857,0.00658541355245427,0.0058918566600810905,153.44080356783695,0.9040512204293545
439624e26bc73309799fd718773bdb8a,1.0,75.07,17.571428571428573,56.285714285714285,0.01598335137589804,0.012018326116216256,90.1189456082643,1.0830788775696751
43c73f9043398f0dd2163fc5f825e61a,1.0,121.685,2.2857142857142856,44.57142857142857,0.005550720281756648,0.004780606824577387,143.3036016224171,0.6850781759026463
43dce1c46f91f3cd233905d0a8b19153,1.0,106.33,44.0,69.57142857142857,0.045034812427040424,0.02961593177999308,125.78455425360198,3.7252267777515145
43f9d5ace80c6d3c5c09544bc2fa8484,1.0,53.88,2.4285714285714284,40.0,0.006945794803914546,0.006343395160832328,65.9425461458617,0.41829962811462157
44a22a3351d7f1bb3d337d1be11b41fb,1.0,59.24,6.142857142857143,43.0,0.009540785401680116,0.008381030355149352,72.05795441006548,0.6039199032407269
44adda057b51a700d1e287783b02516e,1.0,329.99,2.857142857142857,18.714285714285715,0.025077629666204686,0.03199494006488972,380.9659371587915,12.188982326160078
44b49176f1aca9533b67f3eedab0b2de,1.0,105.815,26.0,35.57142857142857,0.06590693632270112,0.06394188757733126,125.19697304911226,8.005330775728508
44b6bbfea26596437062a38c8e6bcec1,1.0,173.435,0.8571428571428571,67.42857142857143,0.0019558957035820377,0.001312761686583928,202.34695566580243,0.2656333307949621
44bd7571a7dad968306f7776bd5a5745,1.0,117.84,1.0,28.714285714285715,0.010228370063848656,0.010988285697035461,138.916708940353,1.526456485928519
44e64b7162915525578f601e73e72b16,1.0,51.08,9.285714285714286,28.0,0.028198205635601267,0.030636856246967444,62.74792988844182,1.9223993077869839
44ed2c2de63bfe22f6596547584d7372,1.0,72.655,2.857142857142857,52.857142857142854,0.004276409580631126,0.003339428364174504,87.36358908623966,0.29174444739067484
453c2895f29b6d9a47f8cb48e00b024b,1.0,80.02,30.428571428571427,49.714285714285715,0.04619846552965444,0.03739840603284657,95.76657077763159,3.5815170983152047
455b49402053f170c64a3ae7fced73d4,1.0,104.935,23.285714285714285,51.285714285714285,0.028621961285419825,0.022752855802585393,124.1929507967803,2.8257443011767247
455c17b35969ca198c17f2fc9e8eba1b,2.0,234.77666666666664,52.142857142857146,77.14285714285714,0.2977341506377767,0.2577655609788512,252.31905641646625,65.03916312284484
456f6d64ecda1b968375d3a68eabfb5c,1.0,494.795,17.428571428571427,25.0,0.0664006308823033,0.07576041009328746,568.9976272673929,43.10749358388521
4577881f7a6c10d8eb6bd7f7a82ffa86,1.0,429.085,50.142857142857146,56.42857142857143,0.08664397585867341,0.0650495295238643,494.0268293120141,32.13621281891293
45ca4053806ecd0f595c633184e0ff61,1.0,439.93,42.285714285714285,61.714285714285715,0.053401752832061,0.03792955252542616,506.4002626376279,19.20753536060351
45cfc55a4d5073c50be858369454fc0e,1.0,167.17,42.42857142857143,61.42857142857143,0.05422653788092188,0.03862792889467947,195.19900178982542,7.540133161449787
4658b26bcea972ed0b86a5f8c61718be,1.0,304.44,69.85714285714286,81.71428571428571,0.07875546257192281,0.04647795303436369,351.8150638098351,16.351644012535182
4681829483318507ed55682649de6571,1.0,371.39,9.714285714285714,40.285714285714285,0.01564761970981736,0.014236722012581573,428.2006203934998,6.096173198157224
46b061196b47dfe9318d38bab6a40ee7,1.0,98.385,0.7142857142857143,33.714285714285715,0.0074600820492742165,0.0074323176463496135,116.71983062317308,0.8674988568195473
46da36c3df7118852b770394d1ba2be5,1.0,62.5,58.285714285714285,62.285714285714285,0.09497635933910051,0.06706784789106592,75.77740048120434,5.082227169053798
46ed126bcf1df6e195dbc63d7c320983,1.0,130.19,65.28571428571429,66.85714285714286,0.10282558323985883,0.06939632345615859,153.00724850433,10.618140508343322
4702ba5faa8283e0f6b6a545cdaf8a9f,1.0,148.265,64.14285714285714,67.71428571428571,0.09699392831706984,0.0649220546819612,173.62963738035296,11.27239281241637
4711348768db55c57a67aba080ead566,1.0,739.0999999999999,3.142857142857143,15.428571428571429,0.03332965570563185,0.045348802109798594,847.7336003991657,38.44370328632884
473d9165586cfc6708841d07adf6c020,1.0,322.99,11.428571428571429,26.857142857142858,0.0367961917514475,0.040718255799494646,372.97939651524183,15.187070475248758
47544c4d42f988172faedb4b05231671,1.0,86.115,4.428571428571429,17.285714285714285,0.03378798430936447,0.044305943825200644,102.72056580940809,4.551131618444461
4755e6cf97a25760ab159e0457c84a29,1.0,100.215,16.571428571428573,26.857142857142858,0.05597125036259233,0.061937162005139774,118.8077405342725,7.3586142729358475
4757b4d81eaab4d270e585126410dc5c,1.0,45.86,3.4285714285714284,73.14285714285714,0.00232749243142606,0.0014807850790133391,56.79225243710903,0.08409712001243
475cab480951109dec3ad6f770167fa5,1.0,85.44999999999999,4.0,60.714285714285715,0.0037205046657683397,0.002669785976198275,101.96184444827085,0.2722163024153035
475d4eb16efe698064c2966acd62584c,1.0,70.195,0.2857142857142857,23.714285714285715,0.012505313759342648,0.014582226177717322,84.55689051722075,1.233027702406594
47a71b49f98984efd3c62cb213f977e8,1.0,73.34,1.5714285714285714,44.42857142857143,0.0050652708169600874,0.004370278092220556,88.14512913492989,0.38521872679433594
47c1a3033b8b77b3ab6e109eb4d5fdf3,5.0,157.3683333333333,24.285714285714285,55.714285714285715,0.10407556496125057,0.2095488073862787,162.15784936414144,33.97998394257967
47c89a36acb8a73127ec91d0542289b5,1.0,74.425,27.428571428571427,44.42857142857143,0.04830953465980644,0.04168110819705956,89.38304293468008,3.7255842835428203
481060b29de0e9b3d7f4b2991cfb0767,1.0,149.735,0.42857142857142855,15.571428571428571,0.02285224679526549,0.031003222396098803,175.30681091549843,5.435076046364039
4820f42c8203dcad5d2c17cf363048b0,1.0,159.345,20.0,54.142857142857146,0.02062438814673718,0.015876050074839502,186.2711902847145,2.9572507444600844
4827d6a02f010b9505e4af04c7fac522,1.0,50.35,39.285714285714285,49.285714285714285,0.07221984604574486,0.058757001156420366,61.91504779275735,3.637942534758866
485b849ef839f0f401da8bfdc7ac2781,1.0,86.52,28.428571428571427,61.285714285714285,0.027351274884907174,0.019512019218253112,103.18264423235632,2.0133017372519104
48625b68a29dcfc3aba4b5147e0625aa,1.0,185.16,19.0,48.714285714285715,0.023650643822915915,0.019371670957507525,215.72441124374816,4.178942312115926
487b72af97cd4e1dcdfae25627f3ea8a,1.0,351.69,2.142857142857143,40.285714285714285,0.006596443849060329,0.006001662814680688,405.72421315379563,2.4350199231007164
4897a3c64a635a703a71dd2d9189bffa,1.0,209.735,24.0,72.14285714285714,0.014874771389081514,0.009550582675245802,243.7628735744959,2.3280774772287134
48fd7dec70f2b104a1d5e8c5c639102b,1.0,83.14500000000001,17.857142857142858,69.85714285714286,0.010411933970064137,0.006828739392213065,99.33199070778772,0.6783122778532122
494e887fef923d79982b3c0e1ab49cdd,1.0,237.82,22.428571428571427,27.285714285714285,0.0813224567094735,0.0893700761670904,275.8060155707949,24.64880461890366
495fe7ae31686381c8145b2936e761dc,1.0,151.6,48.57142857142857,52.42857142857143,0.09375919014015623,0.07357063469136477,177.43465352981556,13.053980076430937
4962136f755981b83b03f476e66eea7d,1.0,104.01,56.857142857142854,98.85714285714286,0.03470656765350077,0.017895626470102156,123.1375864974541,2.2036242523883334
4985c6f86aaf1460d9b6fdc74465a5a5,1.0,118.35,0.8571428571428571,5.142857142857143,0.0643850501391056,0.11116839501828149,139.4985854729545,15.507833854348908
49c6b1ee895e59043bcd5e2135f08355,1.0,110.14,29.571428571428573,43.714285714285715,0.05605214095350911,0.04879595200875174,130.13151423244832,6.349891123312743
49cee01774f85ef576192e1038cf9cc6,1.0,112.755,4.714285714285714,56.285714285714285,0.0047478323900013095,0.0035700271279911207,133.11505763000295,0.47522436688321196
49d1599dd80dedc213037342bbe43fd7,1.0,59.285,28.285714285714285,65.14285714285714,0.02392162100582149,0.01641698120877461,72.10929645705971,1.1838169649135069
49d602890c664bcee124fa70e94d9fb1,1.0,36.53,12.714285714285714,50.0,0.01364980443826094,0.01101302282228137,46.14733469363493,0.5082216501684583
49e6749fd8bf4a9218457eb19a92e200,1.0,248.92,33.285714285714285,71.85714285714286,0.025568115562214853,0.016459668816067002,288.4703871627094,4.748127035940823
49eb3e27a6fc361609658d710948cef7,1.0,88.87,13.857142857142858,29.857142857142858,0.038246419883809286,0.04036416498994409,105.86384001983373,4.273105505029615
4a433c62dfda8104d295307e855c82a7,1.0,149.72000000000003,16.428571428571427,40.714285714285715,0.027400355721403757,0.024789788498538776,175.2896968998337,4.345394512119846
4a6ccb379c9e5062ad3ce2324222fbf3,1.0,21.235,8.857142857142858,31.285714285714285,0.02251021166739322,0.02324542155653636,28.69674338747882,0.6670678973416924
4ad4d9be004941fb8e0ffd31ddbf1f3c,1.0,71.3,2.0,8.714285714285714,0.05178648033428941,0.0816943707844177,85.81762300452397,7.010816713568955
4b384b778ebc0449d0244902bfce7beb,1.0,93.7,21.428571428571427,62.285714285714285,0.017114586627053917,0.012085517918448715,111.37455306388303,1.3460191567127755
4b979b432abe14a88cd0cde893952677,1.0,146.68,4.142857142857143,51.57142857142857,0.005289226038660776,0.00419092667543974,171.8212563917778,0.7200902868198725
4bbaf6f7a10a7e26a8777aa5cb6d5864,2.0,184.6966666666667,57.857142857142854,81.85714285714286,0.32158704547048667,0.2670289115940628,198.94236796753904,53.12336398831749
4bf3d072dcf303280e82dc697b516c6f,1.0,57.85,1.0,38.285714285714285,0.006183360064279173,0.005778179136555864,70.47205562513203,0.4072001615233422
4c112bdeac93a04155c340b65b35c232,1.0,43.9,1.1428571428571428,65.71428571428571,0.00215322829830828,0.001469455528051365,54.556021056915114,0.08016764673057059
4c116f8ddec984371284ab7bc860001a,1.0,35.09,3.857142857142857,61.42857142857143,0.0035666466269392723,0.002540678008992528,44.504389189818994,0.1130713229182179
4c3d123168c78dcca6cde5a7274430a5,1.0,20.28,4.142857142857143,67.85714285714286,0.002992875577920185,0.002000512992463091,27.607151056823113,0.0552284643740658
4c4b5dc90eb4e33188153ca3e7999f92,1.0,594.6700000000001,0.2857142857142857,21.142857142857142,0.014837851964282372,0.01810146024627941,682.9484482351825,12.362364185987367
4c5200f7d135c94fcd304cdd0af9837a,1.0,321.24,1.2857142857142858,18.857142857142858,0.0201222733635791,0.02560358956043856,370.9827613543544,9.498490355715019
4c5ae17e8984ca0916543b159eac0f2c,1.0,288.98,0.7142857142857143,54.57142857142857,0.0029811993896201924,0.0022839972621335096,334.1762183313668,0.7632575677389717
4c93744516667ad3b8f1fb645a3116a4,1.0,282.94,4.428571428571429,50.285714285714285,0.0057604256960956625,0.004632273740359735,327.284974690361,1.5160735938724597
4ce423721c74231c174d0bb22367645a,1.0,176.71,11.571428571428571,23.571428571428573,0.045459283665803984,0.053139403799183124,206.08351575260602,10.951155159933048
4ced1b9f8668a9792e5484da6d97b229,1.0,29.7,0.14285714285714285,45.57142857142857,0.003921181448567747,0.0033356558738003414,38.35475289428571,0.12793825677998477
4cfa5155cf7cff8eb15e0b12041d058e,1.0,111.02,52.142857142857146,56.142857142857146,0.09396099254971388,0.07076119359809456,131.1355364847803,9.279307084789531
4d28234ccc945685ca892f6184032215,1.0,42.535,1.5714285714285714,18.142857142857142,0.02205468422262231,0.02844556993494017,52.99864563142292,1.507576680765752
4d5cbb095f36a674f6f4a852959ad11d,1.0,40.235,19.285714285714285,40.42857142857143,0.03426601675980195,0.031117787623744595,50.374496562828014,1.5675428856951341
4d7b6c39aa3c7b53acb8058e4094a593,1.0,251.37,26.714285714285715,27.571428571428573,0.10274095762667323,0.11239174635654407,291.2656763879518,32.73585802296193
4d98a16aebfef3772cc4d547bcae8761,1.0,191.295,3.2857142857142856,44.42857142857143,0.006366954987106457,0.005493361539749832,222.72404365063065,1.2235036953679372
4d9e104764077f7dfae917c7cc803212,1.0,70.17999999999999,69.85714285714286,75.57142857142857,0.09223597087434043,0.057411688668723794,84.539776501556,4.853571328630825
4dcabe94c61f202327839a734955b0cf,1.0,201.06,0.2857142857142857,25.714285714285715,0.011023889082419788,0.012429225815584099,233.8652678483825,2.906764224509606
4df9aee56fa602c72756abb22ee60b17,1.0,145.77,4.0,41.714285714285715,0.007853133341556105,0.007013093600189984,170.78300610811633,1.1977172071580375
4e15fee963523774998876e3624952f4,1.0,144.555,1.7142857142857142,3.7142857142857144,0.08470373461247932,0.15206999541754115,169.39677083927162,25.760166165274306
4e1cce07cd5937c69dacac3c8b13d965,2.0,431.53333333333336,35.285714285714285,40.0,0.49007290550125415,0.6405221272994579,462.0279081919475,295.93909862682483
4e23e1826902ec9f208e8cc61329b494,1.0,93.885,74.85714285714286,99.42857142857143,0.05991027078334977,0.030761953365665968,111.58562592374827,3.4325918209449915
4e2d666f4bbc94a8ded712172a433d65,2.0,59.55,7.285714285714286,26.857142857142858,0.13413490587272475,0.21441767713561574,65.55749102887255,14.056684945249819
4e39429218dac10ad4e57dafee3d92d4,1.0,95.12,24.857142857142858,64.85714285714286,0.019665357268373512,0.013534055952657999,112.99467988014597,1.5292763198505746
4e4b787733d41ea0cb9b69a192bb285e,1.0,208.51,0.8571428571428571,39.857142857142854,0.005622678662127388,0.005144753335356317,242.36522896187466,1.246909320076002
4e65032f1f574189fb793bac5a867bbc,4.0,98.082,63.57142857142857,74.85714285714286,0.6387435761558256,0.8897789429880074,102.21786744805998,90.95130605242306
4eda116add853323e439c104b7d0824c,1.0,67.89,3.142857142857143,43.42857142857143,0.006530227428821488,0.0057053744663804196,81.92703677673761,0.4674244237322083
4ef6c02126b21225e011b242f9f79c6f,1.0,264.145,29.428571428571427,66.85714285714286,0.02417882085339298,0.016318130370498608,305.84111306243005,4.990755155611138
4f011f45db425dcd3be79d4c11e9ad05,1.0,109.0,16.0,79.85714285714286,0.006744388882364779,0.00404363059351784,128.83084904192737,0.520944362574816
4f0c8db463d2261888faa81900eb33c1,1.0,84.47,14.428571428571429,23.428571428571427,0.05823463160320773,0.06824064131776898,100.84372875817391,6.88164072333293
4f2029f4e7aea8455f5c1cb9de0b7ccd,1.0,245.815,6.714285714285714,56.0,0.006035807002899672,0.004552556934805995,284.9277859201063,1.297149967709498
4f223a62631b82cfb22241007bbd60dc,1.0,51.845,14.714285714285714,30.571428571428573,0.03944530693285118,0.04117651554850341,63.62074468734403,2.6196805828257874
4f477c554c5bd165f95d62b409ac6425,1.0,70.82000000000001,45.42857142857143,57.42857142857143,0.07000743921990124,0.05199805558130073,85.26997450325199,4.433872873636193
4f4943d1a8ac2c4a65d4fba25ee8c0bb,1.0,45.675,4.142857142857143,14.857142857142858,0.03939803926425117,0.05423488702288867,56.58117957724379,3.068673881993593
4f4d2fe2987efa0b9e4e61a466e8ed8b,1.0,65.735,22.714285714285715,52.857142857142854,0.025995268837742322,0.020299584605805398,79.46832319290195,1.6131739501358004
4f88e6285f805c9a823ba23291a65ca3,1.0,66.655,1.7142857142857142,41.714285714285715,0.005826961786215003,0.0052036590535413695,80.51798282033991,0.4189881302759502
4f8e0cd35c770318d9e8874c2956345a,1.0,283.5,2.857142857142857,25.571428571428573,0.015874157697258515,0.01794018231977951,327.923897941845,5.883014516089468
4facc2e6fbc2bffab2fea92d2b4aa7e4,3.0,440.1875,60.142857142857146,62.857142857142854,0.6815965048475175,0.8749046063812751,460.4523424415117,402.85187542112686
4fcf7b9d6a54ded837b9a0ff601bf7ef,1.0,176.375,0.42857142857142855,28.571428571428573,0.009492609247484874,0.01022078505046535,205.70130273609328,2.1024287998663094
4ffd7cf05f22d7a320750a2f9e73f665,1.0,138.115,7.857142857142857,51.285714285714285,0.008151007616946876,0.006479594431169927,162.0491534472059,1.0500127922523164
507dc9becd4fc65635d90682dfa9d3a3,1.0,102.23,12.0,52.142857142857146,0.011787115504399266,0.009279029870098661,121.10672330523717,1.1237529030190694
508f416faa150cd3249d045d81c93399,1.0,144.97,6.142857142857143,39.857142857142854,0.01100125946891388,0.0100661570306421,169.87025860599636,1.7099406979637417
50a662e7d7e7e2a94112a4f15a37464e,1.0,224.19,0.5714285714285714,62.142857142857146,0.0022306493105845406,0.0015774644525301188,260.25508000342603,0.41054313729578673
50ad9fb3ba7f8cf336529fe94a182996,1.0,195.585,21.142857142857142,69.0,0.01353749554593268,0.00895077951907238,227.61865213074898,2.037364369650769
50cd97d731f3f5e3f321673c2671a23d,2.0,138.79666666666665,13.857142857142858,50.42857142857143,0.07081131683759878,0.08092156233279493,150.02084241231213,12.139920950486323
50e1b12ee1e2eab6157d9c0b035136af,1.0,34.315,0.2857142857142857,29.428571428571427,0.008847687182266027,0.009399662045369609,43.62016504714026,0.41001480980636235
511152350c802fe363fd2417b1a09357,1.0,49.24,0.14285714285714285,31.571428571428573,0.007686716723902365,0.007903785289279007,60.648610633565895,0.47935359654078846
51378a8908cdc12c6545fdf842383c97,1.0,461.095,1.7142857142857142,77.85714285714286,0.001616199672284959,0.0009859159356542123,530.5481387405893,0.5230758646160288
514f8ca0f04813ed414874f8f422e6c3,1.0,75.96,26.571428571428573,53.142857142857146,0.03267760883152438,0.025436089772152976,91.13437720437275,2.318102199899677
51838d41add414a0b1b989b7d251d9ee,2.0,103.62,11.857142857142858,76.71428571428571,0.017531399033511204,0.015237033482431115,112.52855053255117,1.7146012921939238
51c23d1b01aebce5a1e32e3d9b312aa3,1.0,66.01,1.0,30.571428571428573,0.009207686621753657,0.009611801271867585,79.78208014675569,0.766849499426828
51d121ddc025c1b70f8f62a1b727aecf,1.0,195.615,12.142857142857142,64.57142857142857,0.007695642665044412,0.00531126525156095,227.65288016207847,1.2091248318226164
51d8d985d769925b981b4a34ddf6dfc6,1.0,190.665,34.57142857142857,51.857142857142854,0.05271141369599056,0.04163022707762754,222.00525499271117,9.242129177773172
51d91326ffc0688da14a001de38c264b,2.0,245.24,1.5714285714285714,54.57142857142857,0.009788432064698337,0.010655682594878818,263.4711746966302,2.807465210467159
51dc56123336c573f2977f5da81b17b9,1.0,384.62,22.0,70.28571428571429,0.013795949051311044,0.009011868494833113,443.29518220980873,3.9949178864678796
523730e4b2ef7654c243699b81763112,1.0,114.915,14.714285714285714,83.57142857142857,0.005493662399975357,0.00319208363934425,135.57947588572688,0.432781026805697
523b7915f240831d06b34ab9b804a200,1.0,106.065,38.0,53.142857142857146,0.05916605106775511,0.04605456274913741,125.48220664352475,5.7790281597644375
525236008daa62b6022f35142ef864d3,1.0,122.205,17.285714285714285,47.285714285714285,0.022076309571770977,0.018392616058757832,143.89688749879508,2.6466402038156076
52597838f6c178b19b961b068d048c71,1.0,212.77,14.0,66.42857142857143,0.008521303783518968,0.005774927664976292,247.2256094106635,1.4277100112762637
525cda9909aa001ebed396f6e55eae01,1.0,891.45,3.5714285714285716,7.142857142857143,0.07346976255185327,0.12045695563635712,1021.5549528341369,123.05339963364253
525e9dbf2f675f893b9f695d5ecefb31,1.0,103.24,46.285714285714285,50.42857142857143,0.09235107590295724,0.07414181406581373,122.25906702666362,9.064509015350753
5275b2f97b9c995d3d05a58610c0bb67,1.0,118.97,1.0,39.857142857142854,0.005739564163975094,0.005251703618596984,140.20596478709746,0.7363201726212811
527c6fbbe85cdf78ff1645e0a71e266f,1.0,202.135,2.7142857142857144,34.285714285714285,0.009543122458966614,0.009429531982556073,235.0917723043562,2.2168053857797165
528553785a32652e5b1f5dc33899f754,1.0,128.02,6.714285714285714,44.42857142857143,0.009550265598278658,0.008239898324744142,150.5314209048296,1.2403636029350606
52abba659c0a219f8de7076dc33e0e83,1.0,142.685,32.142857142857146,46.714285714285715,0.05680956242433227,0.04765764246468336,167.2632235530662,7.971370905582434
52b8fc428690f8974a3d3ff3a162f7b7,1.0,188.89,9.571428571428571,10.428571428571429,0.09983626635452741,0.15128917415560572,219.98009647238248,33.28060712597722
52e05f52b2ccd1945aafaae6ceff7ba1,1.0,121.35,4.571428571428571,44.714285714285715,0.00737602953741817,0.0063413984226589545,142.92138860590435,0.9063214682697094
53100f780630b0755dcdec40f673abfb,1.0,52.27,42.57142857142857,67.71428571428571,0.04481331491811587,0.029995408290746074,64.10564179784527,1.922874899466686
53b30ca78efb2b7efcd3f9e461587eb2,1.0,150.235,3.0,54.142857142857146,0.004149729203460729,0.003194340029019912,175.8772781043234,0.5618118296437076
53beace9d0aa08b64d759d5f5a66550c,1.0,145.26999999999998,34.142857142857146,72.71428571428571,0.02605392684003355,0.01664088108951645,170.21253891929132,2.832486620100618
53cc7338a7d5994fe8baa28a039d2343,1.0,79.065,0.14285714285714285,2.4285714285714284,0.08012223293899136,0.1492312389982049,94.67697844697588,14.128762798248552
53e4d5ab8287848319f0220d47ee7ca0,1.0,116.115,23.857142857142858,36.42857142857143,0.05569537893310132,0.05339005031673719,136.94859713890682,7.311692492052806
5416f8ad5bc33953624084ebc8738307,1.0,201.37,6.571428571428571,46.714285714285715,0.008532972480492687,0.007158325716343214,234.218957505454,1.6766155867663899
544bd839b4e7f92a077c7bf2410f8b02,1.0,94.15,16.714285714285715,70.42857142857143,0.009374954729773,0.006115783120702805,111.8879735338255,0.6842825799478122
5457ae2c352c18e3bf5cba68301d96a8,1.0,637.015,21.142857142857142,26.428571428571427,0.07867064196995253,0.08766496235510722,731.2613144567698,64.10599560359896
5461338ea772177374bcf3f23665178f,1.0,139.19,10.571428571428571,55.285714285714285,0.009181899263179383,0.006979610329174295,163.2756579031796,1.1396004684037608
54732c804725f94304b9f2d1107a3d6e,1.0,204.48,31.285714285714285,55.285714285714285,0.03936449930434651,0.02992287957777647,237.76726341994535,7.1146811908524805
547d0504ca415eb4864fa3030f73d3f3,1.0,34.385000000000005,9.571428571428571,41.42857142857143,0.014649177864717297,0.013130654591685536,43.70003045357578,0.5738100055320425
54982b0c374191195d5f433c7cccae90,1.0,549.17,2.7142857142857144,6.428571428571429,0.07130579478341335,0.11904673371589006,631.0359340521093,75.1227668062594
549a24530925587e2faddb35f667e458,2.0,149.5,58.42857142857143,62.857142857142854,0.5166172312230838,0.5137663981018861,161.42875951890863,82.93667232808524
54bf1780705493f3224d73bd48e53186,1.0,66.425,42.142857142857146,70.85714285714286,0.04005687004597993,0.02602696596634817,80.25556791348042,2.0888089346940992
54c7b4f48fb9e911bf328bf9884ca61d,1.0,92.37,7.142857142857143,63.714285714285715,0.004837369447977731,0.003367167455839074,109.85711034160857,0.36990728673478657
54e0a7cc9c09c591bd186e4569c7bf30,1.0,159.065,60.142857142857146,76.28571428571429,0.06749958547863111,0.04174896947020853,185.9517286589725,7.763293042715944
54eb010282ed1c4a38e101aa8b9aca37,1.0,94.805,1.4285714285714286,2.7142857142857144,0.09187168245901414,0.16969850024154917,112.63528555118623,19.114039032314935
54ed3f082c9e7725a0e26e9e682fc825,1.0,262.41,6.428571428571429,39.42857142857143,0.011586294228668687,0.010662034087856667,303.8615919172074,3.2397826510116574
552fc05a13d28356a38e8b13f64cbe4f,1.0,90.155,6.857142857142857,50.57142857142857,0.007531670314394264,0.00603664154249189,107.32994069511392,0.6479123787533155
5568fb2b583235812ed08eb9587d0465,1.0,117.27,3.857142857142857,7.285714285714286,0.07487982206612175,0.12233030168157177,138.2663763450925,16.914167530712906
556ffcdd6185be1c44ea83be3b1b5f86,1.0,170.34,45.714285714285715,56.142857142857146,0.0739449754956444,0.055687307942018836,198.8157637669758,11.071514660619252
557b158701bedbb76b856eb5f3af51b1,1.0,383.265,13.857142857142858,34.285714285714285,0.030305565820105,0.02994484283093677,441.74921612809305,13.228110847645265
55b488a273c6ec9ca293736e9a69d0b3,1.0,69.94,3.2857142857142856,4.857142857142857,0.09026612135279691,0.15705333755905942,84.26595225092002,13.234249043599325
55efe0d41e47d41465ea4fb5f8badee0,1.0,40.1,10.714285714285714,28.714285714285715,0.030994630346126147,0.03329737301165747,50.22047042184528,1.6722097364570934
55f21db4f9a353dcee5b774f750c65a1,1.0,249.675,1.7142857142857142,14.571428571428571,0.029650207573310515,0.0410573947227478,289.33179261783516,11.879209615350668
55fbb64f60861980e74c4f136f304297,1.0,22.465,14.142857142857142,18.142857142857142,0.08051502244124288,0.10384622507160679,30.100092671988268,3.125780998291516
5616f75d22507069b5383854a1d8c414,1.0,221.79,7.0,33.714285714285715,0.01633747185140906,0.01627666821034241,257.5168374970661,4.191516122516409
56238e115fd05d88a5e9ae565b8c2dbb,1.0,46.165000000000006,2.857142857142857,13.0,0.0392091439781483,0.05612267350139206,57.14023742229227,3.2068628886433332
562b3bca5a8903b7451462b6e7aa6082,1.0,49.67,33.57142857142857,36.42857142857143,0.09430418511074525,0.0904007708465235,61.13921241595537,5.527031931351706
56c355e615aa216a8c404c4f3d22383c,1.0,33.23,3.2857142857142856,14.428571428571429,0.0367525740788603,0.051043155464307426,42.38225124739006,2.163323839347868
56c8638e7c058b98aae6d74d2dd6ea23,4.0,161.294,40.142857142857146,59.42857142857143,0.418396944390097,0.6825127168380335,167.4441429227333,114.28275690481068
56d6d1ae03e95325991e4c77bf3cbe53,1.0,125.97,1.5714285714285714,17.571428571428573,0.023011764886831654,0.030008186667600877,148.19250543064715,4.446988365702317
56e3a158ef88285f2c15a83db0b13d93,1.0,135.26,21.142857142857142,39.142857142857146,0.04126153507172131,0.03811523523569392,158.79178579901526,6.052386269225388
56e80e4b4a777631c5399e3fd0d6ee85,1.0,97.61,1.8571428571428572,22.428571428571427,0.016995205965270196,0.020264805378551503,115.83560648049435,2.347386021233697
57017bffe1b59c7da66267b6d3fcd44d,1.0,98.18,26.285714285714285,72.71428571428571,0.016858371622039056,0.010767595965386883,116.48593907575484,1.2542735276164
5709900c6ded8af6dfb28b043943368d,1.0,68.18,20.714285714285715,37.0,0.04429021892438736,0.042122071897258945,82.25790774625611,3.4648735042058934
570eb70ff97166b85ea96be3bfb65fef,1.0,112.29,2.2857142857142856,44.57142857142857,0.005550720281756648,0.004780606824577387,132.58452314439575,0.6338344761774368
572a2a7bca60d77e596287ea324a4680,1.0,116.67,0.14285714285714285,17.428571428571427,0.018978002023048567,0.0248166646695076,137.58181571850255,3.4143217853080676
5735fac0e3e12fee0b0545828a977acd,1.0,190.38,18.428571428571427,79.57142857142857,0.008193671953269623,0.004924624075233889,221.68008869508094,1.0916911017877795
574e36a816bf7a295404e686062fc0de,1.0,111.43,46.285714285714285,64.57142857142857,0.057540899276657675,0.03971272994000391,131.60331957961677,5.226327089673349
